team_id,venue_id,travel_mode,transportation_method,origin_longitude,origin_latitude,destination_longitude,destination_latitude,driving_distance_airport_to_basecamp_one_way_km,driving_time_airport_to_basecamp_one_way_hours,driving_distance_airport_to_venue_one_way_km,driving_time_airport_to_venue_one_way_hours,airport_to_airport_distance_kilometres,airport_to_airport_time_hours,total_distance_travelled_kilometres,total_time_travelled_hours
1,1,FLIGHT,car + plane,-97.0403,32.8998,-79.6248,43.6777,42.04,0.634,27.26,0.486,1928.763,2.838,1998.063,3.958
1,2,FLIGHT,car + plane,-97.0403,32.8998,-123.1792,49.1947,42.04,0.634,13.873,0.378,2818.702,3.917,2874.615,4.929
1,3,FLIGHT,car + plane,-97.0403,32.8998,-99.0721,19.4363,42.04,0.634,21.166,0.395,1510.636,2.331,1573.842,3.36
1,4,FLIGHT,car + plane,-97.0403,32.8998,-103.3112,20.5218,42.04,0.634,30.333,0.621,1509.849,2.33,1582.222,3.585
1,5,FLIGHT,car + plane,-97.0403,32.8998,-100.107,25.7785,42.04,0.634,23.088,0.421,845.678,1.525,910.806,2.58
1,6,FLIGHT,car + plane,-97.0403,32.8998,-84.4277,33.6407,42.04,0.634,16.931,0.363,1174.744,1.924,1233.715,2.921
1,7,FLIGHT,car + plane,-97.0403,32.8998,-71.4282,41.724,42.04,0.634,51.699,0.912,2456.391,3.477,2550.13,5.023
1,8,DRIVE,car,-97.074,32.563,-97.0945,32.7473,,,,,,,25.339,0.411
1,9,FLIGHT,car + plane,-97.0403,32.8998,-95.2789,29.6454,42.04,0.634,19.96,0.426,398.697,0.983,460.697,2.043
1,10,FLIGHT,car + plane,-97.0403,32.8998,-94.7139,39.2976,42.04,0.634,49.67,0.685,741.393,1.399,833.103,2.718
1,11,FLIGHT,car + plane,-97.0403,32.8998,-118.4081,33.9425,42.04,0.634,8.25,0.188,1982.921,2.904,2033.211,3.726
1,12,FLIGHT,car + plane,-97.0403,32.8998,-80.1527,26.0726,42.04,0.634,21.728,0.384,1799.245,2.681,1863.013,3.699
1,13,FLIGHT,car + plane,-97.0403,32.8998,-74.1745,40.6895,42.04,0.634,20.741,0.395,2204.253,3.172,2267.034,4.201
1,14,FLIGHT,car + plane,-97.0403,32.8998,-75.2424,39.8744,42.04,0.634,9.543,0.203,2092.877,3.037,2144.46,3.874
1,15,FLIGHT,car + plane,-97.0403,32.8998,-121.9289,37.3639,42.04,0.634,9.98,0.195,2309.908,3.3,2361.928,4.129
1,16,FLIGHT,car + plane,-97.0403,32.8998,-122.3088,47.4502,42.04,0.634,22.563,0.395,2667.819,3.734,2732.422,4.763
2,1,FLIGHT,car + plane,-99.0721,19.4363,-79.6248,43.6777,18.502,0.342,27.26,0.486,3247.013,4.436,3292.775,5.264
2,2,FLIGHT,car + plane,-99.0721,19.4363,-123.1792,49.1947,18.502,0.342,13.873,0.378,3944.534,5.281,3976.909,6.001
2,3,DRIVE,car,-99.1437,19.3558,-99.1504,19.3029,,,,,,,7.604,0.16
2,4,FLIGHT,car + plane,-99.0721,19.4363,-103.3112,20.5218,18.502,0.342,30.333,0.621,459.128,1.057,507.963,2.02
2,5,FLIGHT,car + plane,-99.0721,19.4363,-100.107,25.7785,18.502,0.342,23.088,0.421,713.166,1.364,754.756,2.127
2,6,FLIGHT,car + plane,-99.0721,19.4363,-84.4277,33.6407,18.502,0.342,16.931,0.363,2143.732,3.098,2179.165,3.803
2,7,FLIGHT,car + plane,-99.0721,19.4363,-71.4282,41.724,18.502,0.342,51.699,0.912,3595.338,4.858,3665.539,6.112
2,8,FLIGHT,car + plane,-99.0721,19.4363,-97.0403,32.8998,18.502,0.342,22.881,0.43,1510.636,2.331,1552.019,3.103
2,9,FLIGHT,car + plane,-99.0721,19.4363,-95.2789,29.6454,18.502,0.342,19.96,0.426,1198.02,1.952,1236.482,2.72
2,10,FLIGHT,car + plane,-99.0721,19.4363,-94.7139,39.2976,18.502,0.342,49.67,0.685,2247.715,3.225,2315.887,4.252
2,11,FLIGHT,car + plane,-99.0721,19.4363,-118.4081,33.9425,18.502,0.342,8.25,0.188,2500.013,3.53,2526.765,4.06
2,12,FLIGHT,car + plane,-99.0721,19.4363,-80.1527,26.0726,18.502,0.342,21.728,0.384,2072.817,3.013,2113.047,3.739
2,13,FLIGHT,car + plane,-99.0721,19.4363,-74.1745,40.6895,18.502,0.342,20.741,0.395,3342.124,4.551,3381.367,5.288
2,14,FLIGHT,car + plane,-99.0721,19.4363,-75.2424,39.8744,18.502,0.342,9.543,0.203,3215.002,4.397,3243.047,4.942
2,15,FLIGHT,car + plane,-99.0721,19.4363,-121.9289,37.3639,18.502,0.342,9.98,0.195,2979.911,4.112,3008.393,4.649
2,16,FLIGHT,car + plane,-99.0721,19.4363,-122.3088,47.4502,18.502,0.342,22.563,0.395,3757.004,5.054,3798.069,5.791
3,1,FLIGHT,car + plane,-99.0159,19.7581,-79.6248,43.6777,53.988,0.916,27.26,0.486,3213.011,4.395,3294.259,5.797
3,2,FLIGHT,car + plane,-99.0159,19.7581,-123.1792,49.1947,53.988,0.916,13.873,0.378,3915.517,5.246,3983.378,6.54
3,3,DRIVE,car,-98.7424,20.06,-99.1504,19.3029,,,,,,,109.298,1.626
3,4,FLIGHT,car + plane,-99.0159,19.7581,-103.3112,20.5218,53.988,0.916,30.333,0.621,456.365,1.053,540.686,2.59
3,5,FLIGHT,car + plane,-99.0159,19.7581,-100.107,25.7785,53.988,0.916,23.088,0.421,678.709,1.323,755.785,2.66
3,6,FLIGHT,car + plane,-99.0159,19.7581,-84.4277,33.6407,53.988,0.916,16.931,0.363,2112.489,3.061,2183.408,4.34
3,7,FLIGHT,car + plane,-99.0159,19.7581,-71.4282,41.724,53.988,0.916,51.699,0.912,3564.303,4.82,3669.99,6.648
3,8,FLIGHT,car + plane,-99.0159,19.7581,-97.0403,32.8998,53.988,0.916,22.881,0.43,1474.396,2.287,1551.265,3.633
3,9,FLIGHT,car + plane,-99.0159,19.7581,-95.2789,29.6454,53.988,0.916,19.96,0.426,1162.175,1.909,1236.123,3.251
3,10,FLIGHT,car + plane,-99.0159,19.7581,-94.7139,39.2976,53.988,0.916,49.67,0.685,2211.452,3.181,2315.11,4.782
3,11,FLIGHT,car + plane,-99.0159,19.7581,-118.4081,33.9425,53.988,0.916,8.25,0.188,2479.511,3.505,2541.749,4.609
3,12,FLIGHT,car + plane,-99.0159,19.7581,-80.1527,26.0726,53.988,0.916,21.728,0.384,2052.927,2.988,2128.643,4.288
3,13,FLIGHT,car + plane,-99.0159,19.7581,-74.1745,40.6895,53.988,0.916,20.741,0.395,3310.848,4.513,3385.577,5.824
3,14,FLIGHT,car + plane,-99.0159,19.7581,-75.2424,39.8744,53.988,0.916,9.543,0.203,3183.823,4.359,3247.354,5.478
3,15,FLIGHT,car + plane,-99.0159,19.7581,-121.9289,37.3639,53.988,0.916,9.98,0.195,2957.989,4.085,3021.957,5.196
3,16,FLIGHT,car + plane,-99.0159,19.7581,-122.3088,47.4502,53.988,0.916,22.563,0.395,3728.488,5.019,3805.039,6.33
4,1,FLIGHT,car + plane,-103.3112,20.5218,-79.6248,43.6777,29.045,0.534,27.26,0.486,3382.039,4.599,3438.344,5.619
4,2,FLIGHT,car + plane,-103.3112,20.5218,-123.1792,49.1947,29.045,0.534,13.873,0.378,3642.75,4.915,3685.668,5.827
4,3,FLIGHT,car + plane,-103.3112,20.5218,-99.0721,19.4363,29.045,0.534,21.166,0.395,459.128,1.057,509.339,1.986
4,4,DRIVE,car,-103.43,20.665,-103.4626,20.6818,,,,,,,9.215,0.199
4,5,FLIGHT,car + plane,-103.3112,20.5218,-100.107,25.7785,29.045,0.534,23.088,0.421,669.974,1.312,722.107,2.267
4,6,FLIGHT,car + plane,-103.3112,20.5218,-84.4277,33.6407,29.045,0.534,16.931,0.363,2364.143,3.366,2410.119,4.263
4,7,FLIGHT,car + plane,-103.3112,20.5218,-71.4282,41.724,29.045,0.534,51.699,0.912,3805.467,5.113,3886.211,6.559
4,8,FLIGHT,car + plane,-103.3112,20.5218,-97.0403,32.8998,29.045,0.534,22.881,0.43,1509.849,2.33,1561.775,3.294
4,9,FLIGHT,car + plane,-103.3112,20.5218,-95.2789,29.6454,29.045,0.534,19.96,0.426,1296.561,2.072,1345.566,3.032
4,10,FLIGHT,car + plane,-103.3112,20.5218,-94.7139,39.2976,29.045,0.534,49.67,0.685,2243.399,3.219,2322.114,4.438
4,11,FLIGHT,car + plane,-103.3112,20.5218,-118.4081,33.9425,29.045,0.534,8.25,0.188,2105.682,3.052,2142.977,3.774
4,12,FLIGHT,car + plane,-103.3112,20.5218,-80.1527,26.0726,29.045,0.534,21.728,0.384,2440.492,3.458,2491.265,4.376
4,13,FLIGHT,car + plane,-103.3112,20.5218,-74.1745,40.6895,29.045,0.534,20.741,0.395,3548.861,4.802,3598.647,5.731
4,14,FLIGHT,car + plane,-103.3112,20.5218,-75.2424,39.8744,29.045,0.534,9.543,0.203,3424.804,4.651,3463.392,5.388
4,15,FLIGHT,car + plane,-103.3112,20.5218,-121.9289,37.3639,29.045,0.534,9.98,0.195,2595.543,3.646,2634.568,4.375
4,16,FLIGHT,car + plane,-103.3112,20.5218,-122.3088,47.4502,29.045,0.534,22.563,0.395,3448.154,4.68,3499.762,5.609
5,1,FLIGHT,car + plane,-111.9791,40.7899,-79.6248,43.6777,32.092,0.484,27.26,0.486,2665.904,3.731,2725.256,4.701
5,2,FLIGHT,car + plane,-111.9791,40.7899,-123.1792,49.1947,32.092,0.484,13.873,0.378,1281.536,2.053,1327.501,2.915
5,3,FLIGHT,car + plane,-111.9791,40.7899,-99.0721,19.4363,32.092,0.484,21.166,0.395,2672.338,3.739,2725.596,4.618
5,4,FLIGHT,car + plane,-111.9791,40.7899,-103.3112,20.5218,32.092,0.484,30.333,0.621,2398.231,3.407,2460.656,4.512
5,5,FLIGHT,car + plane,-111.9791,40.7899,-100.107,25.7785,32.092,0.484,23.088,0.421,1996.674,2.92,2051.854,3.825
5,6,FLIGHT,car + plane,-111.9791,40.7899,-84.4277,33.6407,32.092,0.484,16.931,0.363,2553.563,3.595,2602.586,4.442
5,7,FLIGHT,car + plane,-111.9791,40.7899,-71.4282,41.724,32.092,0.484,51.699,0.912,3359.647,4.572,3443.438,5.968
5,8,FLIGHT,car + plane,-111.9791,40.7899,-97.0403,32.8998,32.092,0.484,22.881,0.43,1589.254,2.426,1644.227,3.34
5,9,FLIGHT,car + plane,-111.9791,40.7899,-95.2789,29.6454,32.092,0.484,19.96,0.426,1952.848,2.867,2004.9,3.777
5,10,FLIGHT,car + plane,-111.9791,40.7899,-94.7139,39.2976,32.092,0.484,49.67,0.685,1476.624,2.29,1558.386,3.459
5,11,FLIGHT,car + plane,-111.9791,40.7899,-118.4081,33.9425,32.092,0.484,8.25,0.188,949.395,1.651,989.737,2.323
5,12,FLIGHT,car + plane,-111.9791,40.7899,-80.1527,26.0726,32.092,0.484,21.728,0.384,3349.617,4.56,3403.437,5.428
5,13,FLIGHT,car + plane,-111.9791,40.7899,-74.1745,40.6895,32.092,0.484,20.741,0.395,3159.903,4.33,3212.736,5.209
5,14,FLIGHT,car + plane,-111.9791,40.7899,-75.2424,39.8744,32.092,0.484,9.543,0.203,3092.705,4.249,3134.34,4.936
5,15,FLIGHT,car + plane,-111.9791,40.7899,-121.9289,37.3639,32.092,0.484,9.98,0.195,938.829,1.638,980.901,2.317
5,16,FLIGHT,car + plane,-111.9791,40.7899,-122.3088,47.4502,32.092,0.484,22.563,0.395,1106.603,1.841,1161.258,2.72
6,1,FLIGHT,car + plane,-123.1792,49.1947,-79.6248,43.6777,15.731,0.394,27.26,0.486,3345.555,4.555,3388.546,5.435
6,2,DRIVE,car,-123.243,49.255,-123.112,49.2768,,,,,,,12.287,0.328
6,3,FLIGHT,car + plane,-123.1792,49.1947,-99.0721,19.4363,15.731,0.394,21.166,0.395,3944.534,5.281,3981.431,6.07
6,4,FLIGHT,car + plane,-123.1792,49.1947,-103.3112,20.5218,15.731,0.394,30.333,0.621,3642.75,4.915,3688.814,5.93
6,5,FLIGHT,car + plane,-123.1792,49.1947,-100.107,25.7785,15.731,0.394,23.088,0.421,3277.446,4.473,3316.265,5.288
6,6,FLIGHT,car + plane,-123.1792,49.1947,-84.4277,33.6407,15.731,0.394,16.931,0.363,3611.182,4.877,3643.844,5.634
6,7,FLIGHT,car + plane,-123.1792,49.1947,-71.4282,41.724,15.731,0.394,51.699,0.912,4038.6,5.395,4106.03,6.701
6,8,FLIGHT,car + plane,-123.1792,49.1947,-97.0403,32.8998,15.731,0.394,22.881,0.43,2818.702,3.917,2857.314,4.741
6,9,FLIGHT,car + plane,-123.1792,49.1947,-95.2789,29.6454,15.731,0.394,19.96,0.426,3202.016,4.381,3237.707,5.201
6,10,FLIGHT,car + plane,-123.1792,49.1947,-94.7139,39.2976,15.731,0.394,49.67,0.685,2500.214,3.531,2565.615,4.61
6,11,FLIGHT,car + plane,-123.1792,49.1947,-118.4081,33.9425,15.731,0.394,8.25,0.188,1740.884,2.61,1764.865,3.192
6,12,FLIGHT,car + plane,-123.1792,49.1947,-80.1527,26.0726,15.731,0.394,21.728,0.384,4489.785,5.942,4527.244,6.72
6,13,FLIGHT,car + plane,-123.1792,49.1947,-74.1745,40.6895,15.731,0.394,20.741,0.395,3898.566,5.226,3935.038,6.015
6,14,FLIGHT,car + plane,-123.1792,49.1947,-75.2424,39.8744,15.731,0.394,9.543,0.203,3868.23,5.189,3893.504,5.786
6,15,FLIGHT,car + plane,-123.1792,49.1947,-121.9289,37.3639,15.731,0.394,9.98,0.195,1319.364,2.099,1345.075,2.688
6,16,FLIGHT,car + plane,-123.1792,49.1947,-122.3088,47.4502,15.731,0.394,22.563,0.395,204.373,0.748,242.667,1.537
7,1,FLIGHT,car + plane,-119.8404,34.4262,-79.6248,43.6777,23.933,0.428,27.26,0.486,3583.073,4.843,3634.266,5.757
7,2,FLIGHT,car + plane,-119.8404,34.4262,-123.1792,49.1947,23.933,0.428,13.873,0.378,1664.898,2.518,1702.704,3.324
7,3,FLIGHT,car + plane,-119.8404,34.4262,-99.0721,19.4363,23.933,0.428,21.166,0.395,2639.033,3.699,2684.132,4.522
7,4,FLIGHT,car + plane,-119.8404,34.4262,-103.3112,20.5218,23.933,0.428,30.333,0.621,2240.951,3.216,2295.217,4.265
7,5,FLIGHT,car + plane,-119.8404,34.4262,-100.107,25.7785,23.933,0.428,23.088,0.421,2122.603,3.073,2169.624,3.922
7,6,FLIGHT,car + plane,-119.8404,34.4262,-84.4277,33.6407,23.933,0.428,16.931,0.363,3247.663,4.437,3288.527,5.228
7,7,FLIGHT,car + plane,-119.8404,34.4262,-71.4282,41.724,23.933,0.428,51.699,0.912,4257.487,5.661,4333.119,7.001
7,8,FLIGHT,car + plane,-119.8404,34.4262,-97.0403,32.8998,23.933,0.428,22.881,0.43,2112.488,3.061,2159.302,3.919
7,9,FLIGHT,car + plane,-119.8404,34.4262,-95.2789,29.6454,23.933,0.428,19.96,0.426,2369.108,3.372,2413.001,4.226
7,10,FLIGHT,car + plane,-119.8404,34.4262,-94.7139,39.2976,23.933,0.428,49.67,0.685,2291.978,3.278,2365.581,4.391
7,11,FLIGHT,car + plane,-119.8404,34.4262,-118.4081,33.9425,23.933,0.428,8.25,0.188,142.303,0.672,174.486,1.288
7,12,FLIGHT,car + plane,-119.8404,34.4262,-80.1527,26.0726,23.933,0.428,21.728,0.384,3897.552,5.224,3943.213,6.036
7,13,FLIGHT,car + plane,-119.8404,34.4262,-74.1745,40.6895,23.933,0.428,20.741,0.395,4039.145,5.396,4083.819,6.219
7,14,FLIGHT,car + plane,-119.8404,34.4262,-75.2424,39.8744,23.933,0.428,9.543,0.203,3957.459,5.297,3990.935,5.928
7,15,FLIGHT,car + plane,-119.8404,34.4262,-121.9289,37.3639,23.933,0.428,9.98,0.195,376.93,0.957,410.843,1.58
7,16,FLIGHT,car + plane,-119.8404,34.4262,-122.3088,47.4502,23.933,0.428,22.563,0.395,1462.764,2.273,1509.26,3.096
8,1,FLIGHT,car + plane,-117.1897,32.7336,-79.6248,43.6777,28.51,0.397,27.26,0.486,3465.487,4.701,3521.257,5.584
8,2,FLIGHT,car + plane,-117.1897,32.7336,-123.1792,49.1947,28.51,0.397,13.873,0.378,1896.697,2.799,1939.08,3.574
8,3,FLIGHT,car + plane,-117.1897,32.7336,-99.0721,19.4363,28.51,0.397,21.166,0.395,2330.116,3.324,2379.792,4.116
8,4,FLIGHT,car + plane,-117.1897,32.7336,-103.3112,20.5218,28.51,0.397,30.333,0.621,1931.956,2.842,1990.799,3.86
8,5,FLIGHT,car + plane,-117.1897,32.7336,-100.107,25.7785,28.51,0.397,23.088,0.421,1825.659,2.713,1877.257,3.531
8,6,FLIGHT,car + plane,-117.1897,32.7336,-84.4277,33.6407,28.51,0.397,16.931,0.363,3037.64,4.182,3083.081,4.942
8,7,FLIGHT,car + plane,-117.1897,32.7336,-71.4282,41.724,28.51,0.397,51.699,0.912,4122.134,5.497,4202.343,6.806
8,8,FLIGHT,car + plane,-117.1897,32.7336,-97.0403,32.8998,28.51,0.397,22.881,0.43,1880.163,2.779,1931.554,3.606
8,9,FLIGHT,car + plane,-117.1897,32.7336,-95.2789,29.6454,28.51,0.397,19.96,0.426,2108.397,3.056,2156.867,3.879
8,10,FLIGHT,car + plane,-117.1897,32.7336,-94.7139,39.2976,28.51,0.397,49.67,0.685,2142.27,3.097,2220.45,4.179
8,11,FLIGHT,car + plane,-117.1897,32.7336,-118.4081,33.9425,28.51,0.397,8.25,0.188,175.726,0.713,212.486,1.298
8,12,FLIGHT,car + plane,-117.1897,32.7336,-80.1527,26.0726,28.51,0.397,21.728,0.384,3644.375,4.917,3694.613,5.698
8,13,FLIGHT,car + plane,-117.1897,32.7336,-74.1745,40.6895,28.51,0.397,20.741,0.395,3894.554,5.221,3943.805,6.013
8,14,FLIGHT,car + plane,-117.1897,32.7336,-75.2424,39.8744,28.51,0.397,9.543,0.203,3805.809,5.113,3843.862,5.713
8,15,FLIGHT,car + plane,-117.1897,32.7336,-121.9289,37.3639,28.51,0.397,9.98,0.195,671.507,1.314,709.997,1.906
8,16,FLIGHT,car + plane,-117.1897,32.7336,-122.3088,47.4502,28.51,0.397,22.563,0.395,1692.38,2.551,1743.453,3.343
9,1,FLIGHT,car + plane,-74.1745,40.6895,-79.6248,43.6777,34.965,0.521,27.26,0.486,558.435,1.177,620.66,2.184
9,2,FLIGHT,car + plane,-74.1745,40.6895,-123.1792,49.1947,34.965,0.521,13.873,0.378,3898.566,5.226,3947.404,6.125
9,3,FLIGHT,car + plane,-74.1745,40.6895,-99.0721,19.4363,34.965,0.521,21.166,0.395,3342.124,4.551,3398.255,5.467
9,4,FLIGHT,car + plane,-74.1745,40.6895,-103.3112,20.5218,34.965,0.521,30.333,0.621,3548.861,4.802,3614.159,5.944
9,5,FLIGHT,car + plane,-74.1745,40.6895,-100.107,25.7785,34.965,0.521,23.088,0.421,2908.723,4.026,2966.776,4.968
9,6,FLIGHT,car + plane,-74.1745,40.6895,-84.4277,33.6407,34.965,0.521,16.931,0.363,1198.392,1.953,1250.288,2.837
9,7,FLIGHT,car + plane,-74.1745,40.6895,-71.4282,41.724,34.965,0.521,51.699,0.912,256.916,0.811,343.58,2.244
9,8,FLIGHT,car + plane,-74.1745,40.6895,-97.0403,32.8998,34.965,0.521,22.881,0.43,2204.253,3.172,2262.099,4.123
9,9,FLIGHT,car + plane,-74.1745,40.6895,-95.2789,29.6454,34.965,0.521,19.96,0.426,2268.45,3.25,2323.375,4.197
9,10,FLIGHT,car + plane,-74.1745,40.6895,-94.7139,39.2976,34.965,0.521,49.67,0.685,1752.536,2.624,1837.171,3.83
9,11,FLIGHT,car + plane,-74.1745,40.6895,-118.4081,33.9425,34.965,0.521,8.25,0.188,3940.557,5.276,3983.772,5.985
9,12,FLIGHT,car + plane,-74.1745,40.6895,-80.1527,26.0726,34.965,0.521,21.728,0.384,1716.351,2.58,1773.044,3.485
9,13,DRIVE,car,-74.477,40.797,-74.0745,40.8135,,,,,,,45.976,0.656
9,14,FLIGHT,car + plane,-74.1745,40.6895,-75.2424,39.8744,34.965,0.521,9.543,0.203,128.142,0.655,172.65,1.379
9,15,FLIGHT,car + plane,-74.1745,40.6895,-121.9289,37.3639,34.965,0.521,9.98,0.195,4090.919,5.459,4135.864,6.175
9,16,FLIGHT,car + plane,-74.1745,40.6895,-122.3088,47.4502,34.965,0.521,22.563,0.395,3854.511,5.172,3912.039,6.088
10,1,FLIGHT,car + plane,-74.5772,39.4576,-79.6248,43.6777,14.056,0.553,27.26,0.486,629.459,1.263,670.775,2.302
10,2,FLIGHT,car + plane,-74.5772,39.4576,-123.1792,49.1947,14.056,0.553,13.873,0.378,3941.08,5.277,3969.009,6.208
10,3,FLIGHT,car + plane,-74.5772,39.4576,-99.0721,19.4363,14.056,0.553,21.166,0.395,3232.326,4.418,3267.548,5.366
10,4,FLIGHT,car + plane,-74.5772,39.4576,-103.3112,20.5218,14.056,0.553,30.333,0.621,3451.077,4.683,3495.466,5.857
10,5,FLIGHT,car + plane,-74.5772,39.4576,-100.107,25.7785,14.056,0.553,23.088,0.421,2818.169,3.916,2855.313,4.89
10,6,FLIGHT,car + plane,-74.5772,39.4576,-84.4277,33.6407,14.056,0.553,16.931,0.363,1090.961,1.822,1121.948,2.738
10,7,FLIGHT,car + plane,-74.5772,39.4576,-71.4282,41.724,14.056,0.553,51.699,0.912,366.299,0.944,432.054,2.409
10,8,FLIGHT,car + plane,-74.5772,39.4576,-97.0403,32.8998,14.056,0.553,22.881,0.43,2136.999,3.09,2173.936,4.073
10,9,FLIGHT,car + plane,-74.5772,39.4576,-95.2789,29.6454,14.056,0.553,19.96,0.426,2179.649,3.142,2213.665,4.121
10,10,FLIGHT,car + plane,-74.5772,39.4576,-94.7139,39.2976,14.056,0.553,49.67,0.685,1727.265,2.594,1790.991,3.832
10,11,FLIGHT,car + plane,-74.5772,39.4576,-118.4081,33.9425,14.056,0.553,8.25,0.188,3916.65,5.247,3938.956,5.988
10,12,FLIGHT,car + plane,-74.5772,39.4576,-80.1527,26.0726,14.056,0.553,21.728,0.384,1576.107,2.41,1611.891,3.347
10,13,FLIGHT,car + plane,-74.5772,39.4576,-74.1745,40.6895,14.056,0.553,20.741,0.395,141.201,0.671,175.998,1.619
10,14,FLIGHT,car + plane,-74.5772,39.4576,-75.2424,39.8744,14.056,0.553,9.543,0.203,73.416,0.589,97.015,1.345
10,15,FLIGHT,car + plane,-74.5772,39.4576,-121.9289,37.3639,14.056,0.553,9.98,0.195,4084.595,5.451,4108.631,6.199
10,16,FLIGHT,car + plane,-74.5772,39.4576,-122.3088,47.4502,14.056,0.553,22.563,0.395,3889.65,5.215,3926.269,6.163
11,1,FLIGHT,car + plane,-74.1745,40.6895,-79.6248,43.6777,45.062,0.64,27.26,0.486,558.435,1.177,630.757,2.303
11,2,FLIGHT,car + plane,-74.1745,40.6895,-123.1792,49.1947,45.062,0.64,13.873,0.378,3898.566,5.226,3957.501,6.244
11,3,FLIGHT,car + plane,-74.1745,40.6895,-99.0721,19.4363,45.062,0.64,21.166,0.395,3342.124,4.551,3408.352,5.586
11,4,FLIGHT,car + plane,-74.1745,40.6895,-103.3112,20.5218,45.062,0.64,30.333,0.621,3548.861,4.802,3624.256,6.063
11,5,FLIGHT,car + plane,-74.1745,40.6895,-100.107,25.7785,45.062,0.64,23.088,0.421,2908.723,4.026,2976.873,5.087
11,6,FLIGHT,car + plane,-74.1745,40.6895,-84.4277,33.6407,45.062,0.64,16.931,0.363,1198.392,1.953,1260.385,2.956
11,7,FLIGHT,car + plane,-74.1745,40.6895,-71.4282,41.724,45.062,0.64,51.699,0.912,256.916,0.811,353.677,2.363
11,8,FLIGHT,car + plane,-74.1745,40.6895,-97.0403,32.8998,45.062,0.64,22.881,0.43,2204.253,3.172,2272.196,4.242
11,9,FLIGHT,car + plane,-74.1745,40.6895,-95.2789,29.6454,45.062,0.64,19.96,0.426,2268.45,3.25,2333.472,4.316
11,10,FLIGHT,car + plane,-74.1745,40.6895,-94.7139,39.2976,45.062,0.64,49.67,0.685,1752.536,2.624,1847.268,3.949
11,11,FLIGHT,car + plane,-74.1745,40.6895,-118.4081,33.9425,45.062,0.64,8.25,0.188,3940.557,5.276,3993.869,6.104
11,12,FLIGHT,car + plane,-74.1745,40.6895,-80.1527,26.0726,45.062,0.64,21.728,0.384,1716.351,2.58,1783.141,3.604
11,13,DRIVE,car,-74.573,40.682,-74.0745,40.8135,,,,,,,61.86,0.859
11,14,FLIGHT,car + plane,-74.1745,40.6895,-75.2424,39.8744,45.062,0.64,9.543,0.203,128.142,0.655,182.747,1.498
11,15,FLIGHT,car + plane,-74.1745,40.6895,-121.9289,37.3639,45.062,0.64,9.98,0.195,4090.919,5.459,4145.961,6.294
11,16,FLIGHT,car + plane,-74.1745,40.6895,-122.3088,47.4502,45.062,0.64,22.563,0.395,3854.511,5.172,3922.136,6.207
12,1,FLIGHT,car + plane,-80.9431,35.214,-79.6248,43.6777,17.427,0.333,27.26,0.486,947.868,1.649,992.555,2.468
12,2,FLIGHT,car + plane,-80.9431,35.214,-123.1792,49.1947,17.427,0.333,13.873,0.378,3749.439,5.045,3780.739,5.756
12,3,FLIGHT,car + plane,-80.9431,35.214,-99.0721,19.4363,17.427,0.333,21.166,0.395,2498.587,3.529,2537.18,4.257
12,4,FLIGHT,car + plane,-80.9431,35.214,-103.3112,20.5218,17.427,0.333,30.333,0.621,2727.823,3.806,2775.583,4.76
12,5,FLIGHT,car + plane,-80.9431,35.214,-100.107,25.7785,17.427,0.333,23.088,0.421,2109.135,3.057,2149.65,3.811
12,6,FLIGHT,car + plane,-80.9431,35.214,-84.4277,33.6407,17.427,0.333,16.931,0.363,364.315,0.942,398.673,1.638
12,7,FLIGHT,car + plane,-80.9431,35.214,-71.4282,41.724,17.427,0.333,51.699,0.912,1098.835,1.832,1167.961,3.077
12,8,FLIGHT,car + plane,-80.9431,35.214,-97.0403,32.8998,17.427,0.333,22.881,0.43,1503.334,2.322,1543.642,3.085
12,9,FLIGHT,car + plane,-80.9431,35.214,-95.2789,29.6454,17.427,0.333,19.96,0.426,1479.132,2.293,1516.519,3.052
12,10,FLIGHT,car + plane,-80.9431,35.214,-94.7139,39.2976,17.427,0.333,49.67,0.685,1298.946,2.074,1366.043,3.092
12,11,FLIGHT,car + plane,-80.9431,35.214,-118.4081,33.9425,17.427,0.333,8.25,0.188,3412.548,4.636,3438.225,5.157
12,12,FLIGHT,car + plane,-80.9431,35.214,-80.1527,26.0726,17.427,0.333,21.728,0.384,1019.275,1.735,1058.43,2.452
12,13,FLIGHT,car + plane,-80.9431,35.214,-74.1745,40.6895,17.427,0.333,20.741,0.395,849.703,1.53,887.871,2.258
12,14,FLIGHT,car + plane,-80.9431,35.214,-75.2424,39.8744,17.427,0.333,9.543,0.203,721.588,1.375,748.558,1.911
12,15,FLIGHT,car + plane,-80.9431,35.214,-121.9289,37.3639,17.427,0.333,9.98,0.195,3652.427,4.927,3679.834,5.455
12,16,FLIGHT,car + plane,-80.9431,35.214,-122.3088,47.4502,17.427,0.333,22.563,0.395,3660.411,4.937,3700.401,5.665
13,1,FLIGHT,car + plane,-122.2207,37.7213,-79.6248,43.6777,3.63,0.12,27.26,0.486,3610.701,4.877,3641.591,5.483
13,2,FLIGHT,car + plane,-122.2207,37.7213,-123.1792,49.1947,3.63,0.12,13.873,0.378,1278.1,2.049,1295.603,2.547
13,3,FLIGHT,car + plane,-122.2207,37.7213,-99.0721,19.4363,3.63,0.12,21.166,0.395,3024.003,4.165,3048.799,4.68
13,4,FLIGHT,car + plane,-122.2207,37.7213,-103.3112,20.5218,3.63,0.12,30.333,0.621,2641.045,3.701,2675.008,4.442
13,5,FLIGHT,car + plane,-122.2207,37.7213,-100.107,25.7785,3.63,0.12,23.088,0.421,2467.047,3.49,2493.765,4.031
13,6,FLIGHT,car + plane,-122.2207,37.7213,-84.4277,33.6407,3.63,0.12,16.931,0.363,3420.253,4.646,3440.814,5.129
13,7,FLIGHT,car + plane,-122.2207,37.7213,-71.4282,41.724,3.63,0.12,51.699,0.912,4303.735,5.717,4359.064,6.749
13,8,FLIGHT,car + plane,-122.2207,37.7213,-97.0403,32.8998,3.63,0.12,22.881,0.43,2339.187,3.335,2365.698,3.885
13,9,FLIGHT,car + plane,-122.2207,37.7213,-95.2789,29.6454,3.63,0.12,19.96,0.426,2638.356,3.698,2661.946,4.244
13,10,FLIGHT,car + plane,-122.2207,37.7213,-94.7139,39.2976,3.63,0.12,49.67,0.685,2390.574,3.398,2443.874,4.203
13,11,FLIGHT,car + plane,-122.2207,37.7213,-118.4081,33.9425,3.63,0.12,8.25,0.188,542.737,1.158,554.617,1.466
13,12,FLIGHT,car + plane,-122.2207,37.7213,-80.1527,26.0726,3.63,0.12,21.728,0.384,4138.425,5.516,4163.783,6.02
13,13,FLIGHT,car + plane,-122.2207,37.7213,-74.1745,40.6895,3.63,0.12,20.741,0.395,4101.329,5.471,4125.7,5.986
13,14,FLIGHT,car + plane,-122.2207,37.7213,-75.2424,39.8744,3.63,0.12,9.543,0.203,4031.1,5.386,4044.273,5.709
13,15,DRIVE,car,-122.244,37.732,-121.97,37.403,,,,,,,57.67,0.802
13,16,FLIGHT,car + plane,-122.2207,37.7213,-122.3088,47.4502,3.63,0.12,22.563,0.395,1081.83,1.811,1108.023,2.326
14,1,FLIGHT,car + plane,-121.9289,37.3639,-79.6248,43.6777,10.065,0.198,27.26,0.486,3603.766,4.868,3641.091,5.552
14,2,FLIGHT,car + plane,-121.9289,37.3639,-123.1792,49.1947,10.065,0.198,13.873,0.378,1319.364,2.099,1343.302,2.675
14,3,FLIGHT,car + plane,-121.9289,37.3639,-99.0721,19.4363,10.065,0.198,21.166,0.395,2979.911,4.112,3011.142,4.705
14,4,FLIGHT,car + plane,-121.9289,37.3639,-103.3112,20.5218,10.065,0.198,30.333,0.621,2595.543,3.646,2635.941,4.465
14,5,FLIGHT,car + plane,-121.9289,37.3639,-100.107,25.7785,10.065,0.198,23.088,0.421,2426.518,3.441,2459.671,4.06
14,6,FLIGHT,car + plane,-121.9289,37.3639,-84.4277,33.6407,10.065,0.198,16.931,0.363,3397.525,4.618,3424.521,5.179
14,7,FLIGHT,car + plane,-121.9289,37.3639,-71.4282,41.724,10.065,0.198,51.699,0.912,4295.194,5.706,4356.958,6.816
14,8,FLIGHT,car + plane,-121.9289,37.3639,-97.0403,32.8998,10.065,0.198,22.881,0.43,2309.908,3.3,2342.854,3.928
14,9,FLIGHT,car + plane,-121.9289,37.3639,-95.2789,29.6454,10.065,0.198,19.96,0.426,2605.155,3.658,2635.18,4.282
14,10,FLIGHT,car + plane,-121.9289,37.3639,-94.7139,39.2976,10.065,0.198,49.67,0.685,2374.598,3.378,2434.333,4.261
14,11,FLIGHT,car + plane,-121.9289,37.3639,-118.4081,33.9425,10.065,0.198,8.25,0.188,495.828,1.101,514.143,1.487
14,12,FLIGHT,car + plane,-121.9289,37.3639,-80.1527,26.0726,10.065,0.198,21.728,0.384,4108.948,5.481,4140.741,6.063
14,13,FLIGHT,car + plane,-121.9289,37.3639,-74.1745,40.6895,10.065,0.198,20.741,0.395,4090.919,5.459,4121.725,6.052
14,14,FLIGHT,car + plane,-121.9289,37.3639,-75.2424,39.8744,10.065,0.198,9.543,0.203,4019.394,5.372,4039.002,5.773
14,15,DRIVE,car,-121.864,37.319,-121.97,37.403,,,,,,,17.701,0.282
14,16,FLIGHT,car + plane,-121.9289,37.3639,-122.3088,47.4502,10.065,0.198,22.563,0.395,1121.977,1.86,1154.605,2.453
15,1,FLIGHT,car + plane,-112.0116,33.4342,-79.6248,43.6777,50.058,0.719,27.26,0.486,3013.862,4.153,3091.18,5.358
15,2,FLIGHT,car + plane,-112.0116,33.4342,-123.1792,49.1947,50.058,0.719,13.873,0.378,1980.319,2.9,2044.25,3.997
15,3,FLIGHT,car + plane,-112.0116,33.4342,-99.0721,19.4363,50.058,0.719,21.166,0.395,2016.614,2.944,2087.838,4.058
15,4,FLIGHT,car + plane,-112.0116,33.4342,-103.3112,20.5218,50.058,0.719,30.333,0.621,1673.002,2.528,1753.393,3.868
15,5,FLIGHT,car + plane,-112.0116,33.4342,-100.107,25.7785,50.058,0.719,23.088,0.421,1429.757,2.233,1502.903,3.373
15,6,FLIGHT,car + plane,-112.0116,33.4342,-84.4277,33.6407,50.058,0.719,16.931,0.363,2549.03,3.59,2616.019,4.672
15,7,FLIGHT,car + plane,-112.0116,33.4342,-71.4282,41.724,50.058,0.719,51.699,0.912,3657.018,4.933,3758.775,6.564
15,8,FLIGHT,car + plane,-112.0116,33.4342,-97.0403,32.8998,50.058,0.719,22.881,0.43,1393.58,2.189,1466.519,3.338
15,9,FLIGHT,car + plane,-112.0116,33.4342,-95.2789,29.6454,50.058,0.719,19.96,0.426,1638.656,2.486,1708.674,3.631
15,10,FLIGHT,car + plane,-112.0116,33.4342,-94.7139,39.2976,50.058,0.719,49.67,0.685,1676.902,2.533,1776.63,3.937
15,11,FLIGHT,car + plane,-112.0116,33.4342,-118.4081,33.9425,50.058,0.719,8.25,0.188,594.409,1.22,652.717,2.127
15,12,FLIGHT,car + plane,-112.0116,33.4342,-80.1527,26.0726,50.058,0.719,21.728,0.384,3168.875,4.341,3240.661,5.444
15,13,FLIGHT,car + plane,-112.0116,33.4342,-74.1745,40.6895,50.058,0.719,20.741,0.395,3424.846,4.651,3495.645,5.765
15,14,FLIGHT,car + plane,-112.0116,33.4342,-75.2424,39.8744,50.058,0.719,9.543,0.203,3332.691,4.54,3392.292,5.462
15,15,FLIGHT,car + plane,-112.0116,33.4342,-121.9289,37.3639,50.058,0.719,9.98,0.195,998.738,1.711,1058.776,2.625
15,16,FLIGHT,car + plane,-112.0116,33.4342,-122.3088,47.4502,50.058,0.719,22.563,0.395,1781.956,2.66,1854.577,3.774
16,1,FLIGHT,car + plane,-117.8682,33.6757,-79.6248,43.6777,15.745,0.243,27.26,0.486,3465.974,4.701,3508.979,5.43
16,2,FLIGHT,car + plane,-117.8682,33.6757,-123.1792,49.1947,15.745,0.243,13.873,0.378,1780.383,2.658,1810.001,3.279
16,3,FLIGHT,car + plane,-117.8682,33.6757,-99.0721,19.4363,15.745,0.243,21.166,0.395,2442.172,3.46,2479.083,4.098
16,4,FLIGHT,car + plane,-117.8682,33.6757,-103.3112,20.5218,15.745,0.243,30.333,0.621,2048.677,2.983,2094.755,3.847
16,5,FLIGHT,car + plane,-117.8682,33.6757,-100.107,25.7785,15.745,0.243,23.088,0.421,1922.872,2.831,1961.705,3.495
16,6,FLIGHT,car + plane,-117.8682,33.6757,-84.4277,33.6407,15.745,0.243,16.931,0.363,3081.26,4.235,3113.936,4.841
16,7,FLIGHT,car + plane,-117.8682,33.6757,-71.4282,41.724,15.745,0.243,51.699,0.912,4130.919,5.507,4198.363,6.662
16,8,FLIGHT,car + plane,-117.8682,33.6757,-97.0403,32.8998,15.745,0.243,22.881,0.43,1934.62,2.845,1973.246,3.518
16,9,FLIGHT,car + plane,-117.8682,33.6757,-95.2789,29.6454,15.745,0.243,19.96,0.426,2179.754,3.142,2215.459,3.811
16,10,FLIGHT,car + plane,-117.8682,33.6757,-94.7139,39.2976,15.745,0.243,49.67,0.685,2155.412,3.113,2220.827,4.041
16,11,DRIVE,car,-117.743,33.675,-118.3392,33.9535,,,,,,,72.168,1.033
16,12,FLIGHT,car + plane,-117.8682,33.6757,-80.1527,26.0726,15.745,0.243,21.728,0.384,3711.883,4.999,3749.356,5.626
16,13,FLIGHT,car + plane,-117.8682,33.6757,-74.1745,40.6895,15.745,0.243,20.741,0.395,3907.33,5.236,3943.816,5.874
16,14,FLIGHT,car + plane,-117.8682,33.6757,-75.2424,39.8744,15.745,0.243,9.543,0.203,3821.731,5.132,3847.019,5.578
16,15,FLIGHT,car + plane,-117.8682,33.6757,-121.9289,37.3639,15.745,0.243,9.98,0.195,550.558,1.167,576.283,1.605
16,16,FLIGHT,car + plane,-117.8682,33.6757,-122.3088,47.4502,15.745,0.243,22.563,0.395,1576.223,2.411,1614.531,3.049
17,1,FLIGHT,car + plane,-80.0956,26.6832,-79.6248,43.6777,39.198,0.59,27.26,0.486,1890.18,2.791,1956.638,3.867
17,2,FLIGHT,car + plane,-80.0956,26.6832,-123.1792,49.1947,39.198,0.59,13.873,0.378,4444.677,5.887,4497.748,6.855
17,3,FLIGHT,car + plane,-80.0956,26.6832,-99.0721,19.4363,39.198,0.59,21.166,0.395,2098.956,3.044,2159.32,4.029
17,4,FLIGHT,car + plane,-80.0956,26.6832,-103.3112,20.5218,39.198,0.59,30.333,0.621,2458.469,3.48,2528,4.691
17,5,FLIGHT,car + plane,-80.0956,26.6832,-100.107,25.7785,39.198,0.59,23.088,0.421,1996.522,2.92,2058.808,3.931
17,6,FLIGHT,car + plane,-80.0956,26.6832,-84.4277,33.6407,39.198,0.59,16.931,0.363,878.369,1.565,934.498,2.518
17,7,FLIGHT,car + plane,-80.0956,26.6832,-71.4282,41.724,39.198,0.59,51.699,0.912,1850.23,2.743,1941.127,4.245
17,8,FLIGHT,car + plane,-80.0956,26.6832,-97.0403,32.8998,39.198,0.59,22.881,0.43,1772.431,2.648,1834.51,3.668
17,9,FLIGHT,car + plane,-80.0956,26.6832,-95.2789,29.6454,39.198,0.59,19.96,0.426,1523.165,2.346,1582.323,3.362
17,10,FLIGHT,car + plane,-80.0956,26.6832,-94.7139,39.2976,39.198,0.59,49.67,0.685,1950.957,2.865,2039.825,4.14
17,11,FLIGHT,car + plane,-80.0956,26.6832,-118.4081,33.9425,39.198,0.59,8.25,0.188,3742.726,5.037,3790.174,5.815
17,12,DRIVE,car,-80.101,26.373,-80.2389,25.958,,,,,,,57.707,0.845
17,13,FLIGHT,car + plane,-80.0956,26.6832,-74.1745,40.6895,39.198,0.59,20.741,0.395,1649.892,2.5,1709.831,3.485
17,14,FLIGHT,car + plane,-80.0956,26.6832,-75.2424,39.8744,39.198,0.59,9.543,0.203,1533.926,2.359,1582.667,3.152
17,15,FLIGHT,car + plane,-80.0956,26.6832,-121.9289,37.3639,39.198,0.59,9.98,0.195,4082.21,5.448,4131.388,6.233
17,16,FLIGHT,car + plane,-80.0956,26.6832,-122.3088,47.4502,39.198,0.59,22.563,0.395,4324.638,5.742,4386.399,6.727
18,1,FLIGHT,car + plane,-82.8919,39.998,-79.6248,43.6777,13.716,0.26,27.26,0.486,490.488,1.095,531.464,1.841
18,2,FLIGHT,car + plane,-82.8919,39.998,-123.1792,49.1947,13.716,0.26,13.873,0.378,3305.407,4.507,3332.996,5.145
18,3,FLIGHT,car + plane,-82.8919,39.998,-99.0721,19.4363,13.716,0.26,21.166,0.395,2759.12,3.844,2794.002,4.499
18,4,FLIGHT,car + plane,-82.8919,39.998,-103.3112,20.5218,13.716,0.26,30.333,0.621,2906.951,4.024,2951,4.905
18,5,FLIGHT,car + plane,-82.8919,39.998,-100.107,25.7785,13.716,0.26,23.088,0.421,2246.792,3.223,2283.596,3.904
18,6,FLIGHT,car + plane,-82.8919,39.998,-84.4277,33.6407,13.716,0.26,16.931,0.363,719.962,1.373,750.609,1.996
18,7,FLIGHT,car + plane,-82.8919,39.998,-71.4282,41.724,13.716,0.26,51.699,0.912,982.185,1.691,1047.6,2.863
18,8,FLIGHT,car + plane,-82.8919,39.998,-97.0403,32.8998,13.716,0.26,22.881,0.43,1488.671,2.304,1525.268,2.994
18,9,FLIGHT,car + plane,-82.8919,39.998,-95.2789,29.6454,13.716,0.26,19.96,0.426,1610.448,2.452,1644.124,3.138
18,10,FLIGHT,car + plane,-82.8919,39.998,-94.7139,39.2976,13.716,0.26,49.67,0.685,1014.419,1.73,1077.805,2.675
18,11,FLIGHT,car + plane,-82.8919,39.998,-118.4081,33.9425,13.716,0.26,8.25,0.188,3204.079,4.384,3226.045,4.832
18,12,FLIGHT,car + plane,-82.8919,39.998,-80.1527,26.0726,13.716,0.26,21.728,0.384,1569.115,2.402,1604.559,3.046
18,13,FLIGHT,car + plane,-82.8919,39.998,-74.1745,40.6895,13.716,0.26,20.741,0.395,742.479,1.4,776.936,2.055
18,14,FLIGHT,car + plane,-82.8919,39.998,-75.2424,39.8744,13.716,0.26,9.543,0.203,652.14,1.29,675.399,1.753
18,15,FLIGHT,car + plane,-82.8919,39.998,-121.9289,37.3639,13.716,0.26,9.98,0.195,3374.112,4.59,3397.808,5.045
18,16,FLIGHT,car + plane,-82.8919,39.998,-122.3088,47.4502,13.716,0.26,22.563,0.395,3236.412,4.423,3272.691,5.078
19,1,FLIGHT,car + plane,-79.9373,36.0978,-79.6248,43.6777,44.726,0.698,27.26,0.486,843.267,1.522,915.253,2.706
19,2,FLIGHT,car + plane,-79.9373,36.0978,-123.1792,49.1947,44.726,0.698,13.873,0.378,3762.663,5.061,3821.262,6.137
19,3,FLIGHT,car + plane,-79.9373,36.0978,-99.0721,19.4363,44.726,0.698,21.166,0.395,2631.292,3.689,2697.184,4.782
19,4,FLIGHT,car + plane,-79.9373,36.0978,-103.3112,20.5218,44.726,0.698,30.333,0.621,2856.289,3.962,2931.348,5.281
19,5,FLIGHT,car + plane,-79.9373,36.0978,-100.107,25.7785,44.726,0.698,23.088,0.421,2232.967,3.207,2300.781,4.326
19,6,FLIGHT,car + plane,-79.9373,36.0978,-84.4277,33.6407,44.726,0.698,16.931,0.363,492.322,1.097,553.979,2.158
19,7,FLIGHT,car + plane,-79.9373,36.0978,-71.4282,41.724,44.726,0.698,51.699,0.912,965.27,1.67,1061.695,3.28
19,8,FLIGHT,car + plane,-79.9373,36.0978,-97.0403,32.8998,44.726,0.698,22.881,0.43,1604.843,2.445,1672.45,3.573
19,9,FLIGHT,car + plane,-79.9373,36.0978,-95.2789,29.6454,44.726,0.698,19.96,0.426,1599.716,2.439,1664.402,3.563
19,10,FLIGHT,car + plane,-79.9373,36.0978,-94.7139,39.2976,44.726,0.698,49.67,0.685,1346.136,2.132,1440.532,3.515
19,11,FLIGHT,car + plane,-79.9373,36.0978,-118.4081,33.9425,44.726,0.698,8.25,0.188,3488.7,4.729,3541.676,5.615
19,12,FLIGHT,car + plane,-79.9373,36.0978,-80.1527,26.0726,44.726,0.698,21.728,0.384,1114.941,1.851,1181.395,2.933
19,13,FLIGHT,car + plane,-79.9373,36.0978,-74.1745,40.6895,44.726,0.698,20.741,0.395,715.857,1.368,781.324,2.461
19,14,FLIGHT,car + plane,-79.9373,36.0978,-75.2424,39.8744,44.726,0.698,9.543,0.203,587.74,1.212,642.009,2.113
19,15,FLIGHT,car + plane,-79.9373,36.0978,-121.9289,37.3639,44.726,0.698,9.98,0.195,3713.718,5.001,3768.424,5.894
19,16,FLIGHT,car + plane,-79.9373,36.0978,-122.3088,47.4502,44.726,0.698,22.563,0.395,3680.665,4.961,3747.954,6.054
20,1,FLIGHT,car + plane,-75.2424,39.8744,-79.6248,43.6777,16.256,0.323,27.26,0.486,557.425,1.176,600.941,1.985
20,2,FLIGHT,car + plane,-75.2424,39.8744,-123.1792,49.1947,16.256,0.323,13.873,0.378,3868.23,5.189,3898.359,5.89
20,3,FLIGHT,car + plane,-75.2424,39.8744,-99.0721,19.4363,16.256,0.323,21.166,0.395,3215.002,4.397,3252.424,5.115
20,4,FLIGHT,car + plane,-75.2424,39.8744,-103.3112,20.5218,16.256,0.323,30.333,0.621,3424.804,4.651,3471.393,5.595
20,5,FLIGHT,car + plane,-75.2424,39.8744,-100.107,25.7785,16.256,0.323,23.088,0.421,2787.08,3.878,2826.424,4.622
20,6,FLIGHT,car + plane,-75.2424,39.8744,-84.4277,33.6407,16.256,0.323,16.931,0.363,1071.345,1.799,1104.532,2.485
20,7,FLIGHT,car + plane,-75.2424,39.8744,-71.4282,41.724,16.256,0.323,51.699,0.912,381.226,0.962,449.181,2.197
20,8,FLIGHT,car + plane,-75.2424,39.8744,-97.0403,32.8998,16.256,0.323,22.881,0.43,2092.877,3.037,2132.014,3.79
20,9,FLIGHT,car + plane,-75.2424,39.8744,-95.2789,29.6454,16.256,0.323,19.96,0.426,2147.323,3.103,2183.539,3.852
20,10,FLIGHT,car + plane,-75.2424,39.8744,-94.7139,39.2976,16.256,0.323,49.67,0.685,1666.534,2.52,1732.46,3.528
20,11,FLIGHT,car + plane,-75.2424,39.8744,-118.4081,33.9425,16.256,0.323,8.25,0.188,3856.198,5.174,3880.704,5.685
20,12,FLIGHT,car + plane,-75.2424,39.8744,-80.1527,26.0726,16.256,0.323,21.728,0.384,1600.86,2.44,1638.844,3.147
20,13,FLIGHT,car + plane,-75.2424,39.8744,-74.1745,40.6895,16.256,0.323,20.741,0.395,128.142,0.655,165.139,1.373
20,14,DRIVE,car,-75.378,39.832,-75.1681,39.9009,,,,,,,25.06,0.429
20,15,FLIGHT,car + plane,-75.2424,39.8744,-121.9289,37.3639,16.256,0.323,9.98,0.195,4019.394,5.372,4045.63,5.89
20,16,FLIGHT,car + plane,-75.2424,39.8744,-122.3088,47.4502,16.256,0.323,22.563,0.395,3817.402,5.127,3856.221,5.845
21,1,FLIGHT,car + plane,-86.6782,36.1245,-79.6248,43.6777,21.913,0.345,27.26,0.486,1032.28,1.751,1081.453,2.582
21,2,FLIGHT,car + plane,-86.6782,36.1245,-123.1792,49.1947,21.913,0.345,13.873,0.378,3277.685,4.473,3313.471,5.196
21,3,FLIGHT,car + plane,-86.6782,36.1245,-99.0721,19.4363,21.913,0.345,21.166,0.395,2215.736,3.186,2258.815,3.926
21,4,FLIGHT,car + plane,-86.6782,36.1245,-103.3112,20.5218,21.913,0.345,30.333,0.621,2371.855,3.375,2424.101,4.341
21,5,FLIGHT,car + plane,-86.6782,36.1245,-100.107,25.7785,21.913,0.345,23.088,0.421,1718.167,2.583,1763.168,3.349
21,6,FLIGHT,car + plane,-86.6782,36.1245,-84.4277,33.6407,21.913,0.345,16.931,0.363,344.095,0.917,382.939,1.625
21,7,FLIGHT,car + plane,-86.6782,36.1245,-71.4282,41.724,21.913,0.345,51.699,0.912,1455.984,2.265,1529.596,3.522
21,8,FLIGHT,car + plane,-86.6782,36.1245,-97.0403,32.8998,21.913,0.345,22.881,0.43,1014.213,1.729,1059.007,2.504
21,9,FLIGHT,car + plane,-86.6782,36.1245,-95.2789,29.6454,21.913,0.345,19.96,0.426,1078.016,1.807,1119.889,2.578
21,10,FLIGHT,car + plane,-86.6782,36.1245,-94.7139,39.2976,21.913,0.345,49.67,0.685,789.622,1.457,861.205,2.487
21,11,FLIGHT,car + plane,-86.6782,36.1245,-118.4081,33.9425,21.913,0.345,8.25,0.188,2886.332,3.999,2916.495,4.532
21,12,FLIGHT,car + plane,-86.6782,36.1245,-80.1527,26.0726,21.913,0.345,21.728,0.384,1277.949,2.049,1321.59,2.778
21,13,FLIGHT,car + plane,-86.6782,36.1245,-74.1745,40.6895,21.913,0.345,20.741,0.395,1200.435,1.955,1243.089,2.695
21,14,FLIGHT,car + plane,-86.6782,36.1245,-75.2424,39.8744,21.913,0.345,9.543,0.203,1084.287,1.814,1115.743,2.362
21,15,FLIGHT,car + plane,-86.6782,36.1245,-121.9289,37.3639,21.913,0.345,9.98,0.195,3125.653,4.289,3157.546,4.829
21,16,FLIGHT,car + plane,-86.6782,36.1245,-122.3088,47.4502,21.913,0.345,22.563,0.395,3176.368,4.35,3220.844,5.09
22,1,FLIGHT,car + plane,-94.7139,39.2976,-79.6248,43.6777,25.274,0.386,27.26,0.486,1345.483,2.131,1398.017,3.003
22,2,FLIGHT,car + plane,-94.7139,39.2976,-123.1792,49.1947,25.274,0.386,13.873,0.378,2500.214,3.531,2539.361,4.295
22,3,FLIGHT,car + plane,-94.7139,39.2976,-99.0721,19.4363,25.274,0.386,21.166,0.395,2247.715,3.225,2294.155,4.006
22,4,FLIGHT,car + plane,-94.7139,39.2976,-103.3112,20.5218,25.274,0.386,30.333,0.621,2243.399,3.219,2299.006,4.226
22,5,FLIGHT,car + plane,-94.7139,39.2976,-100.107,25.7785,25.274,0.386,23.088,0.421,1585.141,2.421,1633.503,3.228
22,6,FLIGHT,car + plane,-94.7139,39.2976,-84.4277,33.6407,25.274,0.386,16.931,0.363,1113.137,1.849,1155.342,2.598
22,7,FLIGHT,car + plane,-94.7139,39.2976,-71.4282,41.724,25.274,0.386,51.699,0.912,1980.792,2.901,2057.765,4.199
22,8,FLIGHT,car + plane,-94.7139,39.2976,-97.0403,32.8998,25.274,0.386,22.881,0.43,741.393,1.399,789.548,2.215
22,9,FLIGHT,car + plane,-94.7139,39.2976,-95.2789,29.6454,25.274,0.386,19.96,0.426,1074.519,1.802,1119.753,2.614
22,10,DRIVE,car,-94.616,39.142,-94.4839,39.0489,,,,,,,21.327,0.387
22,11,FLIGHT,car + plane,-94.7139,39.2976,-118.4081,33.9425,25.274,0.386,8.25,0.188,2189.664,3.154,2223.188,3.728
22,12,FLIGHT,car + plane,-94.7139,39.2976,-80.1527,26.0726,25.274,0.386,21.728,0.384,1999.546,2.924,2046.548,3.694
22,13,FLIGHT,car + plane,-94.7139,39.2976,-74.1745,40.6895,25.274,0.386,20.741,0.395,1752.536,2.624,1798.551,3.405
22,14,FLIGHT,car + plane,-94.7139,39.2976,-75.2424,39.8744,25.274,0.386,9.543,0.203,1666.534,2.52,1701.351,3.109
22,15,FLIGHT,car + plane,-94.7139,39.2976,-121.9289,37.3639,25.274,0.386,9.98,0.195,2374.598,3.378,2409.852,3.959
22,16,FLIGHT,car + plane,-94.7139,39.2976,-122.3088,47.4502,25.274,0.386,22.563,0.395,2391.619,3.399,2439.456,4.18
23,1,FLIGHT,car + plane,-97.0403,32.8998,-79.6248,43.6777,43.587,0.636,27.26,0.486,1928.763,2.838,1999.61,3.96
23,2,FLIGHT,car + plane,-97.0403,32.8998,-123.1792,49.1947,43.587,0.636,13.873,0.378,2818.702,3.917,2876.162,4.931
23,3,FLIGHT,car + plane,-97.0403,32.8998,-99.0721,19.4363,43.587,0.636,21.166,0.395,1510.636,2.331,1575.389,3.362
23,4,FLIGHT,car + plane,-97.0403,32.8998,-103.3112,20.5218,43.587,0.636,30.333,0.621,1509.849,2.33,1583.769,3.587
23,5,FLIGHT,car + plane,-97.0403,32.8998,-100.107,25.7785,43.587,0.636,23.088,0.421,845.678,1.525,912.353,2.582
23,6,FLIGHT,car + plane,-97.0403,32.8998,-84.4277,33.6407,43.587,0.636,16.931,0.363,1174.744,1.924,1235.262,2.923
23,7,FLIGHT,car + plane,-97.0403,32.8998,-71.4282,41.724,43.587,0.636,51.699,0.912,2456.391,3.477,2551.677,5.025
23,8,DRIVE,car,-96.835,33.155,-97.0945,32.7473,,,,,,,65.205,0.842
23,9,FLIGHT,car + plane,-97.0403,32.8998,-95.2789,29.6454,43.587,0.636,19.96,0.426,398.697,0.983,462.244,2.045
23,10,FLIGHT,car + plane,-97.0403,32.8998,-94.7139,39.2976,43.587,0.636,49.67,0.685,741.393,1.399,834.65,2.72
23,11,FLIGHT,car + plane,-97.0403,32.8998,-118.4081,33.9425,43.587,0.636,8.25,0.188,1982.921,2.904,2034.758,3.728
23,12,FLIGHT,car + plane,-97.0403,32.8998,-80.1527,26.0726,43.587,0.636,21.728,0.384,1799.245,2.681,1864.56,3.701
23,13,FLIGHT,car + plane,-97.0403,32.8998,-74.1745,40.6895,43.587,0.636,20.741,0.395,2204.253,3.172,2268.581,4.203
23,14,FLIGHT,car + plane,-97.0403,32.8998,-75.2424,39.8744,43.587,0.636,9.543,0.203,2092.877,3.037,2146.007,3.876
23,15,FLIGHT,car + plane,-97.0403,32.8998,-121.9289,37.3639,43.587,0.636,9.98,0.195,2309.908,3.3,2363.475,4.131
23,16,FLIGHT,car + plane,-97.0403,32.8998,-122.3088,47.4502,43.587,0.636,22.563,0.395,2667.819,3.734,2733.969,4.765
24,1,FLIGHT,car + plane,-100.107,25.7785,-79.6248,43.6777,48.957,0.717,27.26,0.486,2717.122,3.793,2793.339,4.996
24,2,FLIGHT,car + plane,-100.107,25.7785,-123.1792,49.1947,48.957,0.717,13.873,0.378,3277.446,4.473,3340.276,5.568
24,3,FLIGHT,car + plane,-100.107,25.7785,-99.0721,19.4363,48.957,0.717,21.166,0.395,713.166,1.364,783.289,2.476
24,4,FLIGHT,car + plane,-100.107,25.7785,-103.3112,20.5218,48.957,0.717,30.333,0.621,669.974,1.312,749.264,2.65
24,5,DRIVE,car,-100.187,25.53,-100.2444,25.6692,,,,,,,24.445,0.431
24,6,FLIGHT,car + plane,-100.107,25.7785,-84.4277,33.6407,48.957,0.717,16.931,0.363,1745.473,2.616,1811.361,3.696
24,7,FLIGHT,car + plane,-100.107,25.7785,-71.4282,41.724,48.957,0.717,51.699,0.912,3165.617,4.337,3266.273,5.966
24,8,FLIGHT,car + plane,-100.107,25.7785,-97.0403,32.8998,48.957,0.717,22.881,0.43,845.678,1.525,917.516,2.672
24,9,FLIGHT,car + plane,-100.107,25.7785,-95.2789,29.6454,48.957,0.717,19.96,0.426,640.773,1.277,709.69,2.42
24,10,FLIGHT,car + plane,-100.107,25.7785,-94.7139,39.2976,48.957,0.717,49.67,0.685,1585.141,2.421,1683.768,3.823
24,11,FLIGHT,car + plane,-100.107,25.7785,-118.4081,33.9425,48.957,0.717,8.25,0.188,1980.301,2.9,2037.508,3.805
24,12,FLIGHT,car + plane,-100.107,25.7785,-80.1527,26.0726,48.957,0.717,21.728,0.384,1993.843,2.917,2064.528,4.018
24,13,FLIGHT,car + plane,-100.107,25.7785,-74.1745,40.6895,48.957,0.717,20.741,0.395,2908.723,4.026,2978.421,5.138
24,14,FLIGHT,car + plane,-100.107,25.7785,-75.2424,39.8744,48.957,0.717,9.543,0.203,2787.08,3.878,2845.58,4.798
24,15,FLIGHT,car + plane,-100.107,25.7785,-121.9289,37.3639,48.957,0.717,9.98,0.195,2426.518,3.441,2485.455,4.353
24,16,FLIGHT,car + plane,-100.107,25.7785,-122.3088,47.4502,48.957,0.717,22.563,0.395,3096.86,4.254,3168.38,5.366
25,1,FLIGHT,car + plane,-122.3088,47.4502,-79.6248,43.6777,12.584,0.28,27.26,0.486,3307.02,4.509,3346.864,5.275
25,2,FLIGHT,car + plane,-122.3088,47.4502,-123.1792,49.1947,12.584,0.28,13.873,0.378,204.373,0.748,230.83,1.406
25,3,FLIGHT,car + plane,-122.3088,47.4502,-99.0721,19.4363,12.584,0.28,21.166,0.395,3757.004,5.054,3790.754,5.729
25,4,FLIGHT,car + plane,-122.3088,47.4502,-103.3112,20.5218,12.584,0.28,30.333,0.621,3448.154,4.68,3491.071,5.581
25,5,FLIGHT,car + plane,-122.3088,47.4502,-100.107,25.7785,12.584,0.28,23.088,0.421,3096.86,4.254,3132.532,4.955
25,6,FLIGHT,car + plane,-122.3088,47.4502,-84.4277,33.6407,12.584,0.28,16.931,0.363,3504.754,4.748,3534.269,5.391
25,7,FLIGHT,car + plane,-122.3088,47.4502,-71.4282,41.724,12.584,0.28,51.699,0.912,4006.018,5.356,4070.301,6.548
25,8,FLIGHT,car + plane,-122.3088,47.4502,-97.0403,32.8998,12.584,0.28,22.881,0.43,2667.819,3.734,2703.284,4.444
25,9,FLIGHT,car + plane,-122.3088,47.4502,-95.2789,29.6454,12.584,0.28,19.96,0.426,3045.471,4.191,3078.015,4.897
25,10,FLIGHT,car + plane,-122.3088,47.4502,-94.7139,39.2976,12.584,0.28,49.67,0.685,2391.619,3.399,2453.873,4.364
25,11,FLIGHT,car + plane,-122.3088,47.4502,-118.4081,33.9425,12.584,0.28,8.25,0.188,1537.036,2.363,1557.87,2.831
25,12,FLIGHT,car + plane,-122.3088,47.4502,-80.1527,26.0726,12.584,0.28,21.728,0.384,4367.64,5.794,4401.952,6.458
25,13,FLIGHT,car + plane,-122.3088,47.4502,-74.1745,40.6895,12.584,0.28,20.741,0.395,3854.511,5.172,3887.836,5.847
25,14,FLIGHT,car + plane,-122.3088,47.4502,-75.2424,39.8744,12.584,0.28,9.543,0.203,3817.402,5.127,3839.529,5.61
25,15,FLIGHT,car + plane,-122.3088,47.4502,-121.9289,37.3639,12.584,0.28,9.98,0.195,1121.977,1.86,1144.541,2.335
25,16,DRIVE,car,-122.205,47.493,-122.3322,47.5951,,,,,,,19.881,0.356
26,1,FLIGHT,car + plane,-117.5338,47.6199,-79.6248,43.6777,14.093,0.247,27.26,0.486,2949.064,4.075,2990.417,4.808
26,2,FLIGHT,car + plane,-117.5338,47.6199,-123.1792,49.1947,14.093,0.247,13.873,0.378,451.866,1.048,479.832,1.673
26,3,FLIGHT,car + plane,-117.5338,47.6199,-99.0721,19.4363,14.093,0.247,21.166,0.395,3550.082,4.803,3585.341,5.445
26,4,FLIGHT,car + plane,-117.5338,47.6199,-103.3112,20.5218,14.093,0.247,30.333,0.621,3273.484,4.468,3317.91,5.336
26,5,FLIGHT,car + plane,-117.5338,47.6199,-100.107,25.7785,14.093,0.247,23.088,0.421,2868.263,3.977,2905.444,4.645
26,6,FLIGHT,car + plane,-117.5338,47.6199,-84.4277,33.6407,14.093,0.247,16.931,0.363,3162.81,4.334,3193.834,4.944
26,7,FLIGHT,car + plane,-117.5338,47.6199,-71.4282,41.724,14.093,0.247,51.699,0.912,3648.791,4.923,3714.583,6.082
26,8,FLIGHT,car + plane,-117.5338,47.6199,-97.0403,32.8998,14.093,0.247,22.881,0.43,2374.237,3.378,2411.211,4.055
26,9,FLIGHT,car + plane,-117.5338,47.6199,-95.2789,29.6454,14.093,0.247,19.96,0.426,2761.008,3.847,2795.061,4.52
26,10,FLIGHT,car + plane,-117.5338,47.6199,-94.7139,39.2976,14.093,0.247,49.67,0.685,2050.719,2.986,2114.482,3.918
26,11,FLIGHT,car + plane,-117.5338,47.6199,-118.4081,33.9425,14.093,0.247,8.25,0.188,1522.613,2.346,1544.956,2.781
26,12,FLIGHT,car + plane,-117.5338,47.6199,-80.1527,26.0726,14.093,0.247,21.728,0.384,4038.154,5.395,4073.975,6.026
26,13,FLIGHT,car + plane,-117.5338,47.6199,-74.1745,40.6895,14.093,0.247,20.741,0.395,3495.865,4.737,3530.699,5.379
26,14,FLIGHT,car + plane,-117.5338,47.6199,-75.2424,39.8744,14.093,0.247,9.543,0.203,3458.495,4.692,3482.131,5.142
26,15,FLIGHT,car + plane,-117.5338,47.6199,-121.9289,37.3639,14.093,0.247,9.98,0.195,1195.475,1.949,1219.548,2.391
26,16,FLIGHT,car + plane,-117.5338,47.6199,-122.3088,47.4502,14.093,0.247,22.563,0.395,358.909,0.935,395.565,1.577
27,1,FLIGHT,car + plane,-116.97,32.5411,-79.6248,43.6777,7.163,0.156,27.26,0.486,3459.245,4.693,3493.668,5.335
27,2,FLIGHT,car + plane,-116.97,32.5411,-123.1792,49.1947,7.163,0.156,13.873,0.378,1922.339,2.83,1943.375,3.364
27,3,FLIGHT,car + plane,-116.97,32.5411,-99.0721,19.4363,7.163,0.156,21.166,0.395,2300.996,3.289,2329.325,3.84
27,4,FLIGHT,car + plane,-116.97,32.5411,-103.3112,20.5218,7.163,0.156,30.333,0.621,1902.377,2.806,1939.873,3.583
27,5,FLIGHT,car + plane,-116.97,32.5411,-100.107,25.7785,7.163,0.156,23.088,0.421,1798.894,2.68,1829.145,3.257
27,6,FLIGHT,car + plane,-116.97,32.5411,-84.4277,33.6407,7.163,0.156,16.931,0.363,3021.592,4.163,3045.686,4.682
27,7,FLIGHT,car + plane,-116.97,32.5411,-71.4282,41.724,7.163,0.156,51.699,0.912,4113.822,5.486,4172.684,6.554
27,8,FLIGHT,car + plane,-116.97,32.5411,-97.0403,32.8998,7.163,0.156,22.881,0.43,1862.083,2.757,1892.127,3.343
27,9,FLIGHT,car + plane,-116.97,32.5411,-95.2789,29.6454,7.163,0.156,19.96,0.426,2086.623,3.029,2113.746,3.611
27,10,FLIGHT,car + plane,-116.97,32.5411,-94.7139,39.2976,7.163,0.156,49.67,0.685,2133.453,3.086,2190.286,3.927
27,11,FLIGHT,car + plane,-116.97,32.5411,-118.4081,33.9425,7.163,0.156,8.25,0.188,205.347,0.749,220.76,1.093
27,12,FLIGHT,car + plane,-116.97,32.5411,-80.1527,26.0726,7.163,0.156,21.728,0.384,3623.133,4.892,3652.024,5.432
27,13,FLIGHT,car + plane,-116.97,32.5411,-74.1745,40.6895,7.163,0.156,20.741,0.395,3885.345,5.21,3913.249,5.761
27,14,FLIGHT,car + plane,-116.97,32.5411,-75.2424,39.8744,7.163,0.156,9.543,0.203,3795.885,5.101,3812.591,5.46
27,15,FLIGHT,car + plane,-116.97,32.5411,-121.9289,37.3639,7.163,0.156,9.98,0.195,701.073,1.35,718.216,1.701
27,16,FLIGHT,car + plane,-116.97,32.5411,-122.3088,47.4502,7.163,0.156,22.563,0.395,1717.989,2.582,1747.715,3.133
28,1,FLIGHT,car + plane,-117.1897,32.7336,-79.6248,43.6777,7.099,0.171,27.26,0.486,3465.487,4.701,3499.846,5.358
28,2,FLIGHT,car + plane,-117.1897,32.7336,-123.1792,49.1947,7.099,0.171,13.873,0.378,1896.697,2.799,1917.669,3.348
28,3,FLIGHT,car + plane,-117.1897,32.7336,-99.0721,19.4363,7.099,0.171,21.166,0.395,2330.116,3.324,2358.381,3.89
28,4,FLIGHT,car + plane,-117.1897,32.7336,-103.3112,20.5218,7.099,0.171,30.333,0.621,1931.956,2.842,1969.388,3.634
28,5,FLIGHT,car + plane,-117.1897,32.7336,-100.107,25.7785,7.099,0.171,23.088,0.421,1825.659,2.713,1855.846,3.305
28,6,FLIGHT,car + plane,-117.1897,32.7336,-84.4277,33.6407,7.099,0.171,16.931,0.363,3037.64,4.182,3061.67,4.716
28,7,FLIGHT,car + plane,-117.1897,32.7336,-71.4282,41.724,7.099,0.171,51.699,0.912,4122.134,5.497,4180.932,6.58
28,8,FLIGHT,car + plane,-117.1897,32.7336,-97.0403,32.8998,7.099,0.171,22.881,0.43,1880.163,2.779,1910.143,3.38
28,9,FLIGHT,car + plane,-117.1897,32.7336,-95.2789,29.6454,7.099,0.171,19.96,0.426,2108.397,3.056,2135.456,3.653
28,10,FLIGHT,car + plane,-117.1897,32.7336,-94.7139,39.2976,7.099,0.171,49.67,0.685,2142.27,3.097,2199.039,3.953
28,11,FLIGHT,car + plane,-117.1897,32.7336,-118.4081,33.9425,7.099,0.171,8.25,0.188,175.726,0.713,191.075,1.072
28,12,FLIGHT,car + plane,-117.1897,32.7336,-80.1527,26.0726,7.099,0.171,21.728,0.384,3644.375,4.917,3673.202,5.472
28,13,FLIGHT,car + plane,-117.1897,32.7336,-74.1745,40.6895,7.099,0.171,20.741,0.395,3894.554,5.221,3922.394,5.787
28,14,FLIGHT,car + plane,-117.1897,32.7336,-75.2424,39.8744,7.099,0.171,9.543,0.203,3805.809,5.113,3822.451,5.487
28,15,FLIGHT,car + plane,-117.1897,32.7336,-121.9289,37.3639,7.099,0.171,9.98,0.195,671.507,1.314,688.586,1.68
28,16,FLIGHT,car + plane,-117.1897,32.7336,-122.3088,47.4502,7.099,0.171,22.563,0.395,1692.38,2.551,1722.042,3.117
29,1,FLIGHT,car + plane,-82.5332,27.9755,-79.6248,43.6777,10.972,0.225,27.26,0.486,1765.271,2.64,1803.503,3.351
29,2,FLIGHT,car + plane,-82.5332,27.9755,-123.1792,49.1947,10.972,0.225,13.873,0.378,4173.832,5.559,4198.677,6.162
29,3,FLIGHT,car + plane,-82.5332,27.9755,-99.0721,19.4363,10.972,0.225,21.166,0.395,1930.151,2.84,1962.289,3.46
29,4,FLIGHT,car + plane,-82.5332,27.9755,-103.3112,20.5218,10.972,0.225,30.333,0.621,2259.684,3.239,2300.989,4.085
29,5,FLIGHT,car + plane,-82.5332,27.9755,-100.107,25.7785,10.972,0.225,23.088,0.421,1758.49,2.632,1792.55,3.278
29,6,FLIGHT,car + plane,-82.5332,27.9755,-84.4277,33.6407,10.972,0.225,16.931,0.363,655.369,1.294,683.272,1.882
29,7,FLIGHT,car + plane,-82.5332,27.9755,-71.4282,41.724,10.972,0.225,51.699,0.912,1830.528,2.719,1893.199,3.856
29,8,FLIGHT,car + plane,-82.5332,27.9755,-97.0403,32.8998,10.972,0.225,22.881,0.43,1493.001,2.31,1526.854,2.965
29,9,FLIGHT,car + plane,-82.5332,27.9755,-95.2789,29.6454,10.972,0.225,19.96,0.426,1254.961,2.021,1285.893,2.672
29,10,FLIGHT,car + plane,-82.5332,27.9755,-94.7139,39.2976,10.972,0.225,49.67,0.685,1686.851,2.545,1747.493,3.455
29,11,FLIGHT,car + plane,-82.5332,27.9755,-118.4081,33.9425,10.972,0.225,8.25,0.188,3466.441,4.702,3485.663,5.115
29,12,FLIGHT,car + plane,-82.5332,27.9755,-80.1527,26.0726,10.972,0.225,21.728,0.384,316.8,0.884,349.5,1.493
29,13,FLIGHT,car + plane,-82.5332,27.9755,-74.1745,40.6895,10.972,0.225,20.741,0.395,1606.729,2.448,1638.442,3.068
29,14,FLIGHT,car + plane,-82.5332,27.9755,-75.2424,39.8744,10.972,0.225,9.543,0.203,1482.928,2.297,1503.443,2.725
29,15,FLIGHT,car + plane,-82.5332,27.9755,-121.9289,37.3639,10.972,0.225,9.98,0.195,3802.482,5.109,3823.434,5.529
29,16,FLIGHT,car + plane,-82.5332,27.9755,-122.3088,47.4502,10.972,0.225,22.563,0.395,4051.001,5.41,4084.536,6.03
30,1,FLIGHT,car + plane,-97.6664,30.1975,-79.6248,43.6777,32.302,0.512,27.26,0.486,2185.899,3.15,2245.461,4.148
30,2,FLIGHT,car + plane,-97.6664,30.1975,-123.1792,49.1947,32.302,0.512,13.873,0.378,3009.937,4.148,3056.112,5.038
30,3,FLIGHT,car + plane,-97.6664,30.1975,-99.0721,19.4363,32.302,0.512,21.166,0.395,1204.933,1.961,1258.401,2.868
30,4,FLIGHT,car + plane,-97.6664,30.1975,-103.3112,20.5218,32.302,0.512,30.333,0.621,1215.695,1.974,1278.33,3.107
30,5,FLIGHT,car + plane,-97.6664,30.1975,-100.107,25.7785,32.302,0.512,23.088,0.421,546.644,1.163,602.034,2.096
30,6,FLIGHT,car + plane,-97.6664,30.1975,-84.4277,33.6407,32.302,0.512,16.931,0.363,1305.701,2.083,1354.934,2.958
30,7,FLIGHT,car + plane,-97.6664,30.1975,-71.4282,41.724,32.302,0.512,51.699,0.912,2671.488,3.738,2755.489,5.162
30,8,FLIGHT,car + plane,-97.6664,30.1975,-97.0403,32.8998,32.302,0.512,22.881,0.43,306.281,0.871,361.464,1.813
30,9,FLIGHT,car + plane,-97.6664,30.1975,-95.2789,29.6454,32.302,0.512,19.96,0.426,238.136,0.789,290.398,1.727
30,10,FLIGHT,car + plane,-97.6664,30.1975,-94.7139,39.2976,32.302,0.512,49.67,0.685,1047.045,1.769,1129.017,2.966
30,11,FLIGHT,car + plane,-97.6664,30.1975,-118.4081,33.9425,32.302,0.512,8.25,0.188,1994.581,2.918,2035.133,3.618
30,12,FLIGHT,car + plane,-97.6664,30.1975,-80.1527,26.0726,32.302,0.512,21.728,0.384,1775.408,2.652,1829.438,3.548
30,13,FLIGHT,car + plane,-97.6664,30.1975,-74.1745,40.6895,32.302,0.512,20.741,0.395,2415.869,3.428,2468.912,4.335
30,14,FLIGHT,car + plane,-97.6664,30.1975,-75.2424,39.8744,32.302,0.512,9.543,0.203,2298.631,3.286,2340.476,4.001
30,15,FLIGHT,car + plane,-97.6664,30.1975,-121.9289,37.3639,32.302,0.512,9.98,0.195,2371.593,3.375,2413.875,4.082
30,16,FLIGHT,car + plane,-97.6664,30.1975,-122.3088,47.4502,32.302,0.512,22.563,0.395,2847.405,3.951,2902.27,4.858
31,1,FLIGHT,car + plane,-85.2038,35.0353,-79.6248,43.6777,26.814,0.486,27.26,0.486,1073.405,1.801,1127.479,2.773
31,2,FLIGHT,car + plane,-85.2038,35.0353,-123.1792,49.1947,26.814,0.486,13.873,0.378,3457.394,4.691,3498.081,5.555
31,3,FLIGHT,car + plane,-85.2038,35.0353,-99.0721,19.4363,26.814,0.486,21.166,0.395,2205.832,3.174,2253.812,4.055
31,4,FLIGHT,car + plane,-85.2038,35.0353,-103.3112,20.5218,26.814,0.486,30.333,0.621,2396.009,3.404,2453.156,4.511
31,5,FLIGHT,car + plane,-85.2038,35.0353,-100.107,25.7785,26.814,0.486,23.088,0.421,1757.88,2.631,1807.782,3.538
31,6,FLIGHT,car + plane,-85.2038,35.0353,-84.4277,33.6407,26.814,0.486,16.931,0.363,170.66,0.707,214.405,1.556
31,7,FLIGHT,car + plane,-85.2038,35.0353,-71.4282,41.724,26.814,0.486,51.699,0.912,1409.835,2.209,1488.348,3.607
31,8,FLIGHT,car + plane,-85.2038,35.0353,-97.0403,32.8998,26.814,0.486,22.881,0.43,1116.353,1.853,1166.048,2.769
31,9,FLIGHT,car + plane,-85.2038,35.0353,-95.2789,29.6454,26.814,0.486,19.96,0.426,1119.371,1.857,1166.145,2.769
31,10,FLIGHT,car + plane,-85.2038,35.0353,-94.7139,39.2976,26.814,0.486,49.67,0.685,966.052,1.671,1042.536,2.842
31,11,FLIGHT,car + plane,-85.2038,35.0353,-118.4081,33.9425,26.814,0.486,8.25,0.188,3031.578,4.175,3066.642,4.849
31,12,FLIGHT,car + plane,-85.2038,35.0353,-80.1527,26.0726,26.814,0.486,21.728,0.384,1107.317,1.842,1155.859,2.712
31,13,FLIGHT,car + plane,-85.2038,35.0353,-74.1745,40.6895,26.814,0.486,20.741,0.395,1153.049,1.898,1200.604,2.779
31,14,FLIGHT,car + plane,-85.2038,35.0353,-75.2424,39.8744,26.814,0.486,9.543,0.203,1029.905,1.748,1066.262,2.437
31,15,FLIGHT,car + plane,-85.2038,35.0353,-121.9289,37.3639,26.814,0.486,9.98,0.195,3284.807,4.482,3321.601,5.163
31,16,FLIGHT,car + plane,-85.2038,35.0353,-122.3088,47.4502,26.814,0.486,22.563,0.395,3355.11,4.567,3404.487,5.448
32,1,FLIGHT,car + plane,-86.8771,21.0365,-79.6248,43.6777,47.02,0.59,27.26,0.486,2605.513,3.658,2679.793,4.734
32,2,FLIGHT,car + plane,-86.8771,21.0365,-123.1792,49.1947,47.02,0.59,13.873,0.378,4475.298,5.925,4536.191,6.893
32,3,FLIGHT,car + plane,-86.8771,21.0365,-99.0721,19.4363,47.02,0.59,21.166,0.395,1284.36,2.057,1352.546,3.042
32,4,FLIGHT,car + plane,-86.8771,21.0365,-103.3112,20.5218,47.02,0.59,30.333,0.621,1708.736,2.571,1786.089,3.782
32,5,FLIGHT,car + plane,-86.8771,21.0365,-100.107,25.7785,47.02,0.59,23.088,0.421,1448.346,2.256,1518.454,3.267
32,6,FLIGHT,car + plane,-86.8771,21.0365,-84.4277,33.6407,47.02,0.59,16.931,0.363,1422.104,2.224,1486.055,3.177
32,7,FLIGHT,car + plane,-86.8771,21.0365,-71.4282,41.724,47.02,0.59,51.699,0.912,2718.282,3.795,2817.001,5.297
32,8,FLIGHT,car + plane,-86.8771,21.0365,-97.0403,32.8998,47.02,0.59,22.881,0.43,1657.588,2.509,1727.489,3.529
32,9,FLIGHT,car + plane,-86.8771,21.0365,-95.2789,29.6454,47.02,0.59,19.96,0.426,1275.459,2.046,1342.439,3.062
32,10,FLIGHT,car + plane,-86.8771,21.0365,-94.7139,39.2976,47.02,0.59,49.67,0.685,2163.507,3.122,2260.197,4.397
32,11,FLIGHT,car + plane,-86.8771,21.0365,-118.4081,33.9425,47.02,0.59,8.25,0.188,3406.635,4.629,3461.905,5.407
32,12,FLIGHT,car + plane,-86.8771,21.0365,-80.1527,26.0726,47.02,0.59,21.728,0.384,884.775,1.572,953.523,2.546
32,13,FLIGHT,car + plane,-86.8771,21.0365,-74.1745,40.6895,47.02,0.59,20.741,0.395,2492.792,3.522,2560.553,4.507
32,14,FLIGHT,car + plane,-86.8771,21.0365,-75.2424,39.8744,47.02,0.59,9.543,0.203,2367.982,3.37,2424.545,4.163
32,15,FLIGHT,car + plane,-86.8771,21.0365,-121.9289,37.3639,47.02,0.59,9.98,0.195,3824.943,5.136,3881.943,5.921
32,16,FLIGHT,car + plane,-86.8771,21.0365,-122.3088,47.4502,47.02,0.59,22.563,0.395,4320.66,5.737,4390.243,6.722
33,1,FLIGHT,car + plane,-71.0096,42.3656,-79.6248,43.6777,22.532,0.457,27.26,0.486,715.047,1.367,764.839,2.31
33,2,FLIGHT,car + plane,-71.0096,42.3656,-123.1792,49.1947,22.532,0.457,13.873,0.378,4033.409,5.389,4069.814,6.224
33,3,FLIGHT,car + plane,-71.0096,42.3656,-99.0721,19.4363,22.532,0.457,21.166,0.395,3664.735,4.942,3708.433,5.794
33,4,FLIGHT,car + plane,-71.0096,42.3656,-103.3112,20.5218,22.532,0.457,30.333,0.621,3869.948,5.191,3922.813,6.269
33,5,FLIGHT,car + plane,-71.0096,42.3656,-100.107,25.7785,22.532,0.457,23.088,0.421,3227.302,4.412,3272.922,5.29
33,6,FLIGHT,car + plane,-71.0096,42.3656,-84.4277,33.6407,22.532,0.457,16.931,0.363,1521.011,2.344,1560.474,3.164
33,7,DRIVE,car,-71.22,42.388,-71.2643,42.0909,,,,,,,46.739,0.78
33,8,FLIGHT,car + plane,-71.0096,42.3656,-97.0403,32.8998,22.532,0.457,22.881,0.43,2508.969,3.541,2554.382,4.428
33,9,FLIGHT,car + plane,-71.0096,42.3656,-95.2789,29.6454,22.532,0.457,19.96,0.426,2586.653,3.635,2629.145,4.518
33,10,FLIGHT,car + plane,-71.0096,42.3656,-94.7139,39.2976,22.532,0.457,49.67,0.685,2016.496,2.944,2088.698,4.086
33,11,FLIGHT,car + plane,-71.0096,42.3656,-118.4081,33.9425,22.532,0.457,8.25,0.188,4192.675,5.582,4223.457,6.227
33,12,FLIGHT,car + plane,-71.0096,42.3656,-80.1527,26.0726,22.532,0.457,21.728,0.384,1994.266,2.917,2038.526,3.758
33,13,FLIGHT,car + plane,-71.0096,42.3656,-74.1745,40.6895,22.532,0.457,20.741,0.395,322.681,0.891,365.954,1.743
33,14,FLIGHT,car + plane,-71.0096,42.3656,-75.2424,39.8744,22.532,0.457,9.543,0.203,449.848,1.045,481.923,1.705
33,15,FLIGHT,car + plane,-71.0096,42.3656,-121.9289,37.3639,22.532,0.457,9.98,0.195,4316.227,5.732,4348.739,6.384
33,16,FLIGHT,car + plane,-71.0096,42.3656,-122.3088,47.4502,22.532,0.457,22.563,0.395,4005.086,5.355,4050.181,6.207
34,1,FLIGHT,car + plane,-80.3995,37.8583,-79.6248,43.6777,20.121,0.359,27.26,0.486,650.36,1.288,697.741,2.133
34,2,FLIGHT,car + plane,-80.3995,37.8583,-123.1792,49.1947,20.121,0.359,13.873,0.378,3615.733,4.883,3649.727,5.62
34,3,FLIGHT,car + plane,-80.3995,37.8583,-99.0721,19.4363,20.121,0.359,21.166,0.395,2730.363,3.81,2771.65,4.564
34,4,FLIGHT,car + plane,-80.3995,37.8583,-103.3112,20.5218,20.121,0.359,30.333,0.621,2928.047,4.049,2978.501,5.029
34,5,FLIGHT,car + plane,-80.3995,37.8583,-100.107,25.7785,20.121,0.359,23.088,0.421,2287.826,3.273,2331.035,4.053
34,6,FLIGHT,car + plane,-80.3995,37.8583,-84.4277,33.6407,20.121,0.359,16.931,0.363,593.223,1.219,630.275,1.941
34,7,FLIGHT,car + plane,-80.3995,37.8583,-71.4282,41.724,20.121,0.359,51.699,0.912,878.139,1.564,949.959,2.835
34,8,FLIGHT,car + plane,-80.3995,37.8583,-97.0403,32.8998,20.121,0.359,22.881,0.43,1603.485,2.444,1646.487,3.233
34,9,FLIGHT,car + plane,-80.3995,37.8583,-95.2789,29.6454,20.121,0.359,19.96,0.426,1647.883,2.497,1687.964,3.282
34,10,FLIGHT,car + plane,-80.3995,37.8583,-94.7139,39.2976,20.121,0.359,49.67,0.685,1253.224,2.019,1323.015,3.063
34,11,FLIGHT,car + plane,-80.3995,37.8583,-118.4081,33.9425,20.121,0.359,8.25,0.188,3427.377,4.654,3455.748,5.201
34,12,FLIGHT,car + plane,-80.3995,37.8583,-80.1527,26.0726,20.121,0.359,21.728,0.384,1310.717,2.089,1352.566,2.832
34,13,FLIGHT,car + plane,-80.3995,37.8583,-74.1745,40.6895,20.121,0.359,20.741,0.395,621.247,1.253,662.109,2.007
34,14,FLIGHT,car + plane,-80.3995,37.8583,-75.2424,39.8744,20.121,0.359,9.543,0.203,499.497,1.105,529.161,1.667
34,15,FLIGHT,car + plane,-80.3995,37.8583,-121.9289,37.3639,20.121,0.359,9.98,0.195,3627.768,4.897,3657.869,5.451
34,16,FLIGHT,car + plane,-80.3995,37.8583,-122.3088,47.4502,20.121,0.359,22.563,0.395,3541.372,4.793,3584.056,5.547
35,1,FLIGHT,car + plane,-79.9373,36.0978,-79.6248,43.6777,18.102,0.329,27.26,0.486,843.267,1.522,888.629,2.337
35,2,FLIGHT,car + plane,-79.9373,36.0978,-123.1792,49.1947,18.102,0.329,13.873,0.378,3762.663,5.061,3794.638,5.768
35,3,FLIGHT,car + plane,-79.9373,36.0978,-99.0721,19.4363,18.102,0.329,21.166,0.395,2631.292,3.689,2670.56,4.413
35,4,FLIGHT,car + plane,-79.9373,36.0978,-103.3112,20.5218,18.102,0.329,30.333,0.621,2856.289,3.962,2904.724,4.912
35,5,FLIGHT,car + plane,-79.9373,36.0978,-100.107,25.7785,18.102,0.329,23.088,0.421,2232.967,3.207,2274.157,3.957
35,6,FLIGHT,car + plane,-79.9373,36.0978,-84.4277,33.6407,18.102,0.329,16.931,0.363,492.322,1.097,527.355,1.789
35,7,FLIGHT,car + plane,-79.9373,36.0978,-71.4282,41.724,18.102,0.329,51.699,0.912,965.27,1.67,1035.071,2.911
35,8,FLIGHT,car + plane,-79.9373,36.0978,-97.0403,32.8998,18.102,0.329,22.881,0.43,1604.843,2.445,1645.826,3.204
35,9,FLIGHT,car + plane,-79.9373,36.0978,-95.2789,29.6454,18.102,0.329,19.96,0.426,1599.716,2.439,1637.778,3.194
35,10,FLIGHT,car + plane,-79.9373,36.0978,-94.7139,39.2976,18.102,0.329,49.67,0.685,1346.136,2.132,1413.908,3.146
35,11,FLIGHT,car + plane,-79.9373,36.0978,-118.4081,33.9425,18.102,0.329,8.25,0.188,3488.7,4.729,3515.052,5.246
35,12,FLIGHT,car + plane,-79.9373,36.0978,-80.1527,26.0726,18.102,0.329,21.728,0.384,1114.941,1.851,1154.771,2.564
35,13,FLIGHT,car + plane,-79.9373,36.0978,-74.1745,40.6895,18.102,0.329,20.741,0.395,715.857,1.368,754.7,2.092
35,14,FLIGHT,car + plane,-79.9373,36.0978,-75.2424,39.8744,18.102,0.329,9.543,0.203,587.74,1.212,615.385,1.744
35,15,FLIGHT,car + plane,-79.9373,36.0978,-121.9289,37.3639,18.102,0.329,9.98,0.195,3713.718,5.001,3741.8,5.525
35,16,FLIGHT,car + plane,-79.9373,36.0978,-122.3088,47.4502,18.102,0.329,22.563,0.395,3680.665,4.961,3721.33,5.685
36,1,FLIGHT,car + plane,-74.1745,40.6895,-79.6248,43.6777,43.581,0.642,27.26,0.486,558.435,1.177,629.276,2.305
36,2,FLIGHT,car + plane,-74.1745,40.6895,-123.1792,49.1947,43.581,0.642,13.873,0.378,3898.566,5.226,3956.02,6.246
36,3,FLIGHT,car + plane,-74.1745,40.6895,-99.0721,19.4363,43.581,0.642,21.166,0.395,3342.124,4.551,3406.871,5.588
36,4,FLIGHT,car + plane,-74.1745,40.6895,-103.3112,20.5218,43.581,0.642,30.333,0.621,3548.861,4.802,3622.775,6.065
36,5,FLIGHT,car + plane,-74.1745,40.6895,-100.107,25.7785,43.581,0.642,23.088,0.421,2908.723,4.026,2975.392,5.089
36,6,FLIGHT,car + plane,-74.1745,40.6895,-84.4277,33.6407,43.581,0.642,16.931,0.363,1198.392,1.953,1258.904,2.958
36,7,FLIGHT,car + plane,-74.1745,40.6895,-71.4282,41.724,43.581,0.642,51.699,0.912,256.916,0.811,352.196,2.365
36,8,FLIGHT,car + plane,-74.1745,40.6895,-97.0403,32.8998,43.581,0.642,22.881,0.43,2204.253,3.172,2270.715,4.244
36,9,FLIGHT,car + plane,-74.1745,40.6895,-95.2789,29.6454,43.581,0.642,19.96,0.426,2268.45,3.25,2331.991,4.318
36,10,FLIGHT,car + plane,-74.1745,40.6895,-94.7139,39.2976,43.581,0.642,49.67,0.685,1752.536,2.624,1845.787,3.951
36,11,FLIGHT,car + plane,-74.1745,40.6895,-118.4081,33.9425,43.581,0.642,8.25,0.188,3940.557,5.276,3992.388,6.106
36,12,FLIGHT,car + plane,-74.1745,40.6895,-80.1527,26.0726,43.581,0.642,21.728,0.384,1716.351,2.58,1781.66,3.606
36,13,DRIVE,car,-74.463,40.515,-74.0745,40.8135,,,,,,,58.165,0.866
36,14,FLIGHT,car + plane,-74.1745,40.6895,-75.2424,39.8744,43.581,0.642,9.543,0.203,128.142,0.655,181.266,1.5
36,15,FLIGHT,car + plane,-74.1745,40.6895,-121.9289,37.3639,43.581,0.642,9.98,0.195,4090.919,5.459,4144.48,6.296
36,16,FLIGHT,car + plane,-74.1745,40.6895,-122.3088,47.4502,43.581,0.642,22.563,0.395,3854.511,5.172,3920.655,6.209
37,1,FLIGHT,car + plane,-94.7139,39.2976,-79.6248,43.6777,92.144,1.142,27.26,0.486,1345.483,2.131,1464.887,3.759
37,2,FLIGHT,car + plane,-94.7139,39.2976,-123.1792,49.1947,92.144,1.142,13.873,0.378,2500.214,3.531,2606.231,5.051
37,3,FLIGHT,car + plane,-94.7139,39.2976,-99.0721,19.4363,92.144,1.142,21.166,0.395,2247.715,3.225,2361.025,4.762
37,4,FLIGHT,car + plane,-94.7139,39.2976,-103.3112,20.5218,92.144,1.142,30.333,0.621,2243.399,3.219,2365.876,4.982
37,5,FLIGHT,car + plane,-94.7139,39.2976,-100.107,25.7785,92.144,1.142,23.088,0.421,1585.141,2.421,1700.373,3.984
37,6,FLIGHT,car + plane,-94.7139,39.2976,-84.4277,33.6407,92.144,1.142,16.931,0.363,1113.137,1.849,1222.212,3.354
37,7,FLIGHT,car + plane,-94.7139,39.2976,-71.4282,41.724,92.144,1.142,51.699,0.912,1980.792,2.901,2124.635,4.955
37,8,FLIGHT,car + plane,-94.7139,39.2976,-97.0403,32.8998,92.144,1.142,22.881,0.43,741.393,1.399,856.418,2.971
37,9,FLIGHT,car + plane,-94.7139,39.2976,-95.2789,29.6454,92.144,1.142,19.96,0.426,1074.519,1.802,1186.623,3.37
37,10,DRIVE,car,-95.328,38.984,-94.4839,39.0489,,,,,,,89.727,1.129
37,11,FLIGHT,car + plane,-94.7139,39.2976,-118.4081,33.9425,92.144,1.142,8.25,0.188,2189.664,3.154,2290.058,4.484
37,12,FLIGHT,car + plane,-94.7139,39.2976,-80.1527,26.0726,92.144,1.142,21.728,0.384,1999.546,2.924,2113.418,4.45
37,13,FLIGHT,car + plane,-94.7139,39.2976,-74.1745,40.6895,92.144,1.142,20.741,0.395,1752.536,2.624,1865.421,4.161
37,14,FLIGHT,car + plane,-94.7139,39.2976,-75.2424,39.8744,92.144,1.142,9.543,0.203,1666.534,2.52,1768.221,3.865
37,15,FLIGHT,car + plane,-94.7139,39.2976,-121.9289,37.3639,92.144,1.142,9.98,0.195,2374.598,3.378,2476.722,4.715
37,16,FLIGHT,car + plane,-94.7139,39.2976,-122.3088,47.4502,92.144,1.142,22.563,0.395,2391.619,3.399,2506.326,4.936
38,1,FLIGHT,car + plane,-94.7139,39.2976,-79.6248,43.6777,37.206,0.534,27.26,0.486,1345.483,2.131,1409.949,3.151
38,2,FLIGHT,car + plane,-94.7139,39.2976,-123.1792,49.1947,37.206,0.534,13.873,0.378,2500.214,3.531,2551.293,4.443
38,3,FLIGHT,car + plane,-94.7139,39.2976,-99.0721,19.4363,37.206,0.534,21.166,0.395,2247.715,3.225,2306.087,4.154
38,4,FLIGHT,car + plane,-94.7139,39.2976,-103.3112,20.5218,37.206,0.534,30.333,0.621,2243.399,3.219,2310.938,4.374
38,5,FLIGHT,car + plane,-94.7139,39.2976,-100.107,25.7785,37.206,0.534,23.088,0.421,1585.141,2.421,1645.435,3.376
38,6,FLIGHT,car + plane,-94.7139,39.2976,-84.4277,33.6407,37.206,0.534,16.931,0.363,1113.137,1.849,1167.274,2.746
38,7,FLIGHT,car + plane,-94.7139,39.2976,-71.4282,41.724,37.206,0.534,51.699,0.912,1980.792,2.901,2069.697,4.347
38,8,FLIGHT,car + plane,-94.7139,39.2976,-97.0403,32.8998,37.206,0.534,22.881,0.43,741.393,1.399,801.48,2.363
38,9,FLIGHT,car + plane,-94.7139,39.2976,-95.2789,29.6454,37.206,0.534,19.96,0.426,1074.519,1.802,1131.685,2.762
38,10,DRIVE,car,-94.826,39.121,-94.4839,39.0489,,,,,,,37.784,0.568
38,11,FLIGHT,car + plane,-94.7139,39.2976,-118.4081,33.9425,37.206,0.534,8.25,0.188,2189.664,3.154,2235.12,3.876
38,12,FLIGHT,car + plane,-94.7139,39.2976,-80.1527,26.0726,37.206,0.534,21.728,0.384,1999.546,2.924,2058.48,3.842
38,13,FLIGHT,car + plane,-94.7139,39.2976,-74.1745,40.6895,37.206,0.534,20.741,0.395,1752.536,2.624,1810.483,3.553
38,14,FLIGHT,car + plane,-94.7139,39.2976,-75.2424,39.8744,37.206,0.534,9.543,0.203,1666.534,2.52,1713.283,3.257
38,15,FLIGHT,car + plane,-94.7139,39.2976,-121.9289,37.3639,37.206,0.534,9.98,0.195,2374.598,3.378,2421.784,4.107
38,16,FLIGHT,car + plane,-94.7139,39.2976,-122.3088,47.4502,37.206,0.534,22.563,0.395,2391.619,3.399,2451.388,4.328
39,1,FLIGHT,car + plane,-119.8404,34.4262,-79.6248,43.6777,2.898,0.091,27.26,0.486,3583.073,4.843,3613.231,5.42
39,2,FLIGHT,car + plane,-119.8404,34.4262,-123.1792,49.1947,2.898,0.091,13.873,0.378,1664.898,2.518,1681.669,2.987
39,3,FLIGHT,car + plane,-119.8404,34.4262,-99.0721,19.4363,2.898,0.091,21.166,0.395,2639.033,3.699,2663.097,4.185
39,4,FLIGHT,car + plane,-119.8404,34.4262,-103.3112,20.5218,2.898,0.091,30.333,0.621,2240.951,3.216,2274.182,3.928
39,5,FLIGHT,car + plane,-119.8404,34.4262,-100.107,25.7785,2.898,0.091,23.088,0.421,2122.603,3.073,2148.589,3.585
39,6,FLIGHT,car + plane,-119.8404,34.4262,-84.4277,33.6407,2.898,0.091,16.931,0.363,3247.663,4.437,3267.492,4.891
39,7,FLIGHT,car + plane,-119.8404,34.4262,-71.4282,41.724,2.898,0.091,51.699,0.912,4257.487,5.661,4312.084,6.664
39,8,FLIGHT,car + plane,-119.8404,34.4262,-97.0403,32.8998,2.898,0.091,22.881,0.43,2112.488,3.061,2138.267,3.582
39,9,FLIGHT,car + plane,-119.8404,34.4262,-95.2789,29.6454,2.898,0.091,19.96,0.426,2369.108,3.372,2391.966,3.889
39,10,FLIGHT,car + plane,-119.8404,34.4262,-94.7139,39.2976,2.898,0.091,49.67,0.685,2291.978,3.278,2344.546,4.054
39,11,FLIGHT,car + plane,-119.8404,34.4262,-118.4081,33.9425,2.898,0.091,8.25,0.188,142.303,0.672,153.451,0.951
39,12,FLIGHT,car + plane,-119.8404,34.4262,-80.1527,26.0726,2.898,0.091,21.728,0.384,3897.552,5.224,3922.178,5.699
39,13,FLIGHT,car + plane,-119.8404,34.4262,-74.1745,40.6895,2.898,0.091,20.741,0.395,4039.145,5.396,4062.784,5.882
39,14,FLIGHT,car + plane,-119.8404,34.4262,-75.2424,39.8744,2.898,0.091,9.543,0.203,3957.459,5.297,3969.9,5.591
39,15,FLIGHT,car + plane,-119.8404,34.4262,-121.9289,37.3639,2.898,0.091,9.98,0.195,376.93,0.957,389.808,1.243
39,16,FLIGHT,car + plane,-119.8404,34.4262,-122.3088,47.4502,2.898,0.091,22.563,0.395,1462.764,2.273,1488.225,2.759
40,1,FLIGHT,car + plane,-122.5951,45.5898,-79.6248,43.6777,16.558,0.463,27.26,0.486,3365.914,4.58,3409.732,5.529
40,2,FLIGHT,car + plane,-122.5951,45.5898,-123.1792,49.1947,16.558,0.463,13.873,0.378,403.248,0.989,433.679,1.83
40,3,FLIGHT,car + plane,-122.5951,45.5898,-99.0721,19.4363,16.558,0.463,21.166,0.395,3621.11,4.889,3658.834,5.747
40,4,FLIGHT,car + plane,-122.5951,45.5898,-103.3112,20.5218,16.558,0.463,30.333,0.621,3297.307,4.497,3344.198,5.581
40,5,FLIGHT,car + plane,-122.5951,45.5898,-100.107,25.7785,16.558,0.463,23.088,0.421,2975.631,4.107,3015.277,4.991
40,6,FLIGHT,car + plane,-122.5951,45.5898,-84.4277,33.6407,16.558,0.463,16.931,0.363,3488.745,4.729,3522.234,5.555
40,7,FLIGHT,car + plane,-122.5951,45.5898,-71.4282,41.724,16.558,0.463,51.699,0.912,4068.465,5.431,4136.722,6.806
40,8,FLIGHT,car + plane,-122.5951,45.5898,-97.0403,32.8998,16.558,0.463,22.881,0.43,2596.519,3.647,2635.958,4.54
40,9,FLIGHT,car + plane,-122.5951,45.5898,-95.2789,29.6454,16.558,0.463,19.96,0.426,2964.133,4.093,3000.651,4.982
40,10,FLIGHT,car + plane,-122.5951,45.5898,-94.7139,39.2976,16.558,0.463,49.67,0.685,2378.578,3.383,2444.806,4.531
40,11,FLIGHT,car + plane,-122.5951,45.5898,-118.4081,33.9425,16.558,0.463,8.25,0.188,1343.141,2.128,1367.949,2.779
40,12,FLIGHT,car + plane,-122.5951,45.5898,-80.1527,26.0726,16.558,0.463,21.728,0.384,4329.718,5.748,4368.004,6.595
40,13,FLIGHT,car + plane,-122.5951,45.5898,-74.1745,40.6895,16.558,0.463,20.741,0.395,3905.989,5.235,3943.288,6.093
40,14,FLIGHT,car + plane,-122.5951,45.5898,-75.2424,39.8744,16.558,0.463,9.543,0.203,3862.099,5.181,3888.2,5.847
40,15,FLIGHT,car + plane,-122.5951,45.5898,-121.9289,37.3639,16.558,0.463,9.98,0.195,916.352,1.611,942.89,2.269
40,16,FLIGHT,car + plane,-122.5951,45.5898,-122.3088,47.4502,16.558,0.463,22.563,0.395,208.023,0.752,247.144,1.61
41,1,FLIGHT,car + plane,-103.3112,20.5218,-79.6248,43.6777,40.069,0.71,27.26,0.486,3382.039,4.599,3449.368,5.795
41,2,FLIGHT,car + plane,-103.3112,20.5218,-123.1792,49.1947,40.069,0.71,13.873,0.378,3642.75,4.915,3696.692,6.003
41,3,FLIGHT,car + plane,-103.3112,20.5218,-99.0721,19.4363,40.069,0.71,21.166,0.395,459.128,1.057,520.363,2.162
41,4,DRIVE,car,-103.511,20.735,-103.4626,20.6818,,,,,,,13.959,0.26
41,5,FLIGHT,car + plane,-103.3112,20.5218,-100.107,25.7785,40.069,0.71,23.088,0.421,669.974,1.312,733.131,2.443
41,6,FLIGHT,car + plane,-103.3112,20.5218,-84.4277,33.6407,40.069,0.71,16.931,0.363,2364.143,3.366,2421.143,4.439
41,7,FLIGHT,car + plane,-103.3112,20.5218,-71.4282,41.724,40.069,0.71,51.699,0.912,3805.467,5.113,3897.235,6.735
41,8,FLIGHT,car + plane,-103.3112,20.5218,-97.0403,32.8998,40.069,0.71,22.881,0.43,1509.849,2.33,1572.799,3.47
41,9,FLIGHT,car + plane,-103.3112,20.5218,-95.2789,29.6454,40.069,0.71,19.96,0.426,1296.561,2.072,1356.59,3.208
41,10,FLIGHT,car + plane,-103.3112,20.5218,-94.7139,39.2976,40.069,0.71,49.67,0.685,2243.399,3.219,2333.138,4.614
41,11,FLIGHT,car + plane,-103.3112,20.5218,-118.4081,33.9425,40.069,0.71,8.25,0.188,2105.682,3.052,2154.001,3.95
41,12,FLIGHT,car + plane,-103.3112,20.5218,-80.1527,26.0726,40.069,0.71,21.728,0.384,2440.492,3.458,2502.289,4.552
41,13,FLIGHT,car + plane,-103.3112,20.5218,-74.1745,40.6895,40.069,0.71,20.741,0.395,3548.861,4.802,3609.671,5.907
41,14,FLIGHT,car + plane,-103.3112,20.5218,-75.2424,39.8744,40.069,0.71,9.543,0.203,3424.804,4.651,3474.416,5.564
41,15,FLIGHT,car + plane,-103.3112,20.5218,-121.9289,37.3639,40.069,0.71,9.98,0.195,2595.543,3.646,2645.592,4.551
41,16,FLIGHT,car + plane,-103.3112,20.5218,-122.3088,47.4502,40.069,0.71,22.563,0.395,3448.154,4.68,3510.786,5.785
42,1,FLIGHT,car + plane,-95.3368,29.9902,-79.6248,43.6777,55.766,0.865,27.26,0.486,2059.685,2.997,2142.711,4.348
42,2,FLIGHT,car + plane,-95.3368,29.9902,-123.1792,49.1947,55.766,0.865,13.873,0.378,3168.909,4.341,3238.548,5.584
42,3,FLIGHT,car + plane,-95.3368,29.9902,-99.0721,19.4363,55.766,0.865,21.166,0.395,1232.433,1.994,1309.365,3.254
42,4,FLIGHT,car + plane,-95.3368,29.9902,-103.3112,20.5218,55.766,0.865,30.333,0.621,1322.485,2.103,1408.584,3.589
42,5,FLIGHT,car + plane,-95.3368,29.9902,-100.107,25.7785,55.766,0.865,23.088,0.421,662.512,1.303,741.366,2.589
42,6,FLIGHT,car + plane,-95.3368,29.9902,-84.4277,33.6407,55.766,0.865,16.931,0.363,1107.071,1.842,1179.768,3.07
42,7,FLIGHT,car + plane,-95.3368,29.9902,-71.4282,41.724,55.766,0.865,51.699,0.912,2505.959,3.538,2613.424,5.315
42,8,FLIGHT,car + plane,-95.3368,29.9902,-97.0403,32.8998,55.766,0.865,22.881,0.43,361.631,0.938,440.278,2.233
42,9,FLIGHT,car + plane,-95.3368,29.9902,-95.2789,29.6454,55.766,0.865,19.96,0.426,38.745,0.547,114.471,1.838
42,10,FLIGHT,car + plane,-95.3368,29.9902,-94.7139,39.2976,55.766,0.865,49.67,0.685,1036.496,1.756,1141.932,3.306
42,11,FLIGHT,car + plane,-95.3368,29.9902,-118.4081,33.9425,55.766,0.865,8.25,0.188,2215.315,3.185,2279.331,4.238
42,12,FLIGHT,car + plane,-95.3368,29.9902,-80.1527,26.0726,55.766,0.865,21.728,0.384,1551.245,2.38,1628.739,3.629
42,13,FLIGHT,car + plane,-95.3368,29.9902,-74.1745,40.6895,55.766,0.865,20.741,0.395,2249.219,3.226,2325.726,4.486
42,14,FLIGHT,car + plane,-95.3368,29.9902,-75.2424,39.8744,55.766,0.865,9.543,0.203,2128.763,3.08,2194.072,4.148
42,15,FLIGHT,car + plane,-95.3368,29.9902,-121.9289,37.3639,55.766,0.865,9.98,0.195,2583.363,3.631,2649.109,4.691
42,16,FLIGHT,car + plane,-95.3368,29.9902,-122.3088,47.4502,55.766,0.865,22.563,0.395,3013.285,4.152,3091.614,5.412
43,1,FLIGHT,car + plane,-80.0956,26.6832,-79.6248,43.6777,24.903,0.425,27.26,0.486,1890.18,2.791,1942.343,3.702
43,2,FLIGHT,car + plane,-80.0956,26.6832,-123.1792,49.1947,24.903,0.425,13.873,0.378,4444.677,5.887,4483.453,6.69
43,3,FLIGHT,car + plane,-80.0956,26.6832,-99.0721,19.4363,24.903,0.425,21.166,0.395,2098.956,3.044,2145.025,3.864
43,4,FLIGHT,car + plane,-80.0956,26.6832,-103.3112,20.5218,24.903,0.425,30.333,0.621,2458.469,3.48,2513.705,4.526
43,5,FLIGHT,car + plane,-80.0956,26.6832,-100.107,25.7785,24.903,0.425,23.088,0.421,1996.522,2.92,2044.513,3.766
43,6,FLIGHT,car + plane,-80.0956,26.6832,-84.4277,33.6407,24.903,0.425,16.931,0.363,878.369,1.565,920.203,2.353
43,7,FLIGHT,car + plane,-80.0956,26.6832,-71.4282,41.724,24.903,0.425,51.699,0.912,1850.23,2.743,1926.832,4.08
43,8,FLIGHT,car + plane,-80.0956,26.6832,-97.0403,32.8998,24.903,0.425,22.881,0.43,1772.431,2.648,1820.215,3.503
43,9,FLIGHT,car + plane,-80.0956,26.6832,-95.2789,29.6454,24.903,0.425,19.96,0.426,1523.165,2.346,1568.028,3.197
43,10,FLIGHT,car + plane,-80.0956,26.6832,-94.7139,39.2976,24.903,0.425,49.67,0.685,1950.957,2.865,2025.53,3.975
43,11,FLIGHT,car + plane,-80.0956,26.6832,-118.4081,33.9425,24.903,0.425,8.25,0.188,3742.726,5.037,3775.879,5.65
43,12,DRIVE,car,-80.111,26.848,-80.2389,25.958,,,,,,,107.576,1.36
43,13,FLIGHT,car + plane,-80.0956,26.6832,-74.1745,40.6895,24.903,0.425,20.741,0.395,1649.892,2.5,1695.536,3.32
43,14,FLIGHT,car + plane,-80.0956,26.6832,-75.2424,39.8744,24.903,0.425,9.543,0.203,1533.926,2.359,1568.372,2.987
43,15,FLIGHT,car + plane,-80.0956,26.6832,-121.9289,37.3639,24.903,0.425,9.98,0.195,4082.21,5.448,4117.093,6.068
43,16,FLIGHT,car + plane,-80.0956,26.6832,-122.3088,47.4502,24.903,0.425,22.563,0.395,4324.638,5.742,4372.104,6.562
44,1,FLIGHT,car + plane,-84.4277,33.6407,-79.6248,43.6777,48.691,0.839,27.26,0.486,1190.872,1.943,1266.823,3.268
44,2,FLIGHT,car + plane,-84.4277,33.6407,-123.1792,49.1947,48.691,0.839,13.873,0.378,3611.182,4.877,3673.746,6.094
44,3,FLIGHT,car + plane,-84.4277,33.6407,-99.0721,19.4363,48.691,0.839,21.166,0.395,2143.732,3.098,2213.589,4.332
44,4,FLIGHT,car + plane,-84.4277,33.6407,-103.3112,20.5218,48.691,0.839,30.333,0.621,2364.143,3.366,2443.167,4.826
44,5,FLIGHT,car + plane,-84.4277,33.6407,-100.107,25.7785,48.691,0.839,23.088,0.421,1745.473,2.616,1817.252,3.876
44,6,DRIVE,car,-84.595,33.914,-84.402,33.7555,,,,,,,35.695,0.575
44,7,FLIGHT,car + plane,-84.4277,33.6407,-71.4282,41.724,48.691,0.839,51.699,0.912,1452.027,2.26,1552.417,4.011
44,8,FLIGHT,car + plane,-84.4277,33.6407,-97.0403,32.8998,48.691,0.839,22.881,0.43,1174.744,1.924,1246.316,3.193
44,9,FLIGHT,car + plane,-84.4277,33.6407,-95.2789,29.6454,48.691,0.839,19.96,0.426,1118.373,1.856,1187.024,3.121
44,10,FLIGHT,car + plane,-84.4277,33.6407,-94.7139,39.2976,48.691,0.839,49.67,0.685,1113.137,1.849,1211.498,3.373
44,11,FLIGHT,car + plane,-84.4277,33.6407,-118.4081,33.9425,48.691,0.839,8.25,0.188,3125.748,4.289,3182.689,5.316
44,12,FLIGHT,car + plane,-84.4277,33.6407,-80.1527,26.0726,48.691,0.839,21.728,0.384,936.821,1.636,1007.24,2.859
44,13,FLIGHT,car + plane,-84.4277,33.6407,-74.1745,40.6895,48.691,0.839,20.741,0.395,1198.392,1.953,1267.824,3.187
44,14,FLIGHT,car + plane,-84.4277,33.6407,-75.2424,39.8744,48.691,0.839,9.543,0.203,1071.345,1.799,1129.579,2.841
44,15,FLIGHT,car + plane,-84.4277,33.6407,-121.9289,37.3639,48.691,0.839,9.98,0.195,3397.525,4.618,3456.196,5.652
44,16,FLIGHT,car + plane,-84.4277,33.6407,-122.3088,47.4502,48.691,0.839,22.563,0.395,3504.754,4.748,3576.008,5.982
45,1,FLIGHT,car + plane,-77.0402,38.8512,-79.6248,43.6777,13.913,0.292,27.26,0.486,578.448,1.201,619.621,1.979
45,2,FLIGHT,car + plane,-77.0402,38.8512,-123.1792,49.1947,13.913,0.292,13.873,0.378,3798.522,5.104,3826.308,5.774
45,3,FLIGHT,car + plane,-77.0402,38.8512,-99.0721,19.4363,13.913,0.292,21.166,0.395,3023.242,4.165,3058.321,4.852
45,4,FLIGHT,car + plane,-77.0402,38.8512,-103.3112,20.5218,13.913,0.292,30.333,0.621,3233.716,4.42,3277.962,5.333
45,5,FLIGHT,car + plane,-77.0402,38.8512,-100.107,25.7785,13.913,0.292,23.088,0.421,2597.769,3.649,2634.77,4.362
45,6,FLIGHT,car + plane,-77.0402,38.8512,-84.4277,33.6407,13.913,0.292,16.931,0.363,879.531,1.566,910.375,2.221
45,7,FLIGHT,car + plane,-77.0402,38.8512,-71.4282,41.724,13.913,0.292,51.699,0.912,573.067,1.195,638.679,2.399
45,8,FLIGHT,car + plane,-77.0402,38.8512,-97.0403,32.8998,13.913,0.292,22.881,0.43,1914.757,2.821,1951.551,3.543
45,9,FLIGHT,car + plane,-77.0402,38.8512,-95.2789,29.6454,13.913,0.292,19.96,0.426,1958.6,2.874,1992.473,3.592
45,10,FLIGHT,car + plane,-77.0402,38.8512,-94.7139,39.2976,13.913,0.292,49.67,0.685,1524.043,2.347,1587.626,3.324
45,11,FLIGHT,car + plane,-77.0402,38.8512,-118.4081,33.9425,13.913,0.292,8.25,0.188,3710.705,4.998,3732.868,5.478
45,12,FLIGHT,car + plane,-77.0402,38.8512,-80.1527,26.0726,13.913,0.292,21.728,0.384,1450.341,2.258,1485.982,2.934
45,13,FLIGHT,car + plane,-77.0402,38.8512,-74.1745,40.6895,13.913,0.292,20.741,0.395,318.98,0.887,353.634,1.574
45,14,FLIGHT,car + plane,-77.0402,38.8512,-75.2424,39.8744,13.913,0.292,9.543,0.203,191.911,0.733,215.367,1.228
45,15,FLIGHT,car + plane,-77.0402,38.8512,-121.9289,37.3639,13.913,0.292,9.98,0.195,3891.07,5.216,3914.963,5.703
45,16,FLIGHT,car + plane,-77.0402,38.8512,-122.3088,47.4502,13.913,0.292,22.563,0.395,3737.99,5.031,3774.466,5.718
46,1,FLIGHT,car + plane,-94.7139,39.2976,-79.6248,43.6777,45.585,0.711,27.26,0.486,1345.483,2.131,1418.328,3.328
46,2,FLIGHT,car + plane,-94.7139,39.2976,-123.1792,49.1947,45.585,0.711,13.873,0.378,2500.214,3.531,2559.672,4.62
46,3,FLIGHT,car + plane,-94.7139,39.2976,-99.0721,19.4363,45.585,0.711,21.166,0.395,2247.715,3.225,2314.466,4.331
46,4,FLIGHT,car + plane,-94.7139,39.2976,-103.3112,20.5218,45.585,0.711,30.333,0.621,2243.399,3.219,2319.317,4.551
46,5,FLIGHT,car + plane,-94.7139,39.2976,-100.107,25.7785,45.585,0.711,23.088,0.421,1585.141,2.421,1653.814,3.553
46,6,FLIGHT,car + plane,-94.7139,39.2976,-84.4277,33.6407,45.585,0.711,16.931,0.363,1113.137,1.849,1175.653,2.923
46,7,FLIGHT,car + plane,-94.7139,39.2976,-71.4282,41.724,45.585,0.711,51.699,0.912,1980.792,2.901,2078.076,4.524
46,8,FLIGHT,car + plane,-94.7139,39.2976,-97.0403,32.8998,45.585,0.711,22.881,0.43,741.393,1.399,809.859,2.54
46,9,FLIGHT,car + plane,-94.7139,39.2976,-95.2789,29.6454,45.585,0.711,19.96,0.426,1074.519,1.802,1140.064,2.939
46,10,DRIVE,car,-94.522,39.011,-94.4839,39.0489,,,,,,,9.127,0.208
46,11,FLIGHT,car + plane,-94.7139,39.2976,-118.4081,33.9425,45.585,0.711,8.25,0.188,2189.664,3.154,2243.499,4.053
46,12,FLIGHT,car + plane,-94.7139,39.2976,-80.1527,26.0726,45.585,0.711,21.728,0.384,1999.546,2.924,2066.859,4.019
46,13,FLIGHT,car + plane,-94.7139,39.2976,-74.1745,40.6895,45.585,0.711,20.741,0.395,1752.536,2.624,1818.862,3.73
46,14,FLIGHT,car + plane,-94.7139,39.2976,-75.2424,39.8744,45.585,0.711,9.543,0.203,1666.534,2.52,1721.662,3.434
46,15,FLIGHT,car + plane,-94.7139,39.2976,-121.9289,37.3639,45.585,0.711,9.98,0.195,2374.598,3.378,2430.163,4.284
46,16,FLIGHT,car + plane,-94.7139,39.2976,-122.3088,47.4502,45.585,0.711,22.563,0.395,2391.619,3.399,2459.767,4.505
47,1,FLIGHT,car + plane,-71.4282,41.724,-79.6248,43.6777,31.125,0.549,27.26,0.486,703.797,1.353,762.182,2.388
47,2,FLIGHT,car + plane,-71.4282,41.724,-123.1792,49.1947,31.125,0.549,13.873,0.378,4038.6,5.395,4083.598,6.322
47,3,FLIGHT,car + plane,-71.4282,41.724,-99.0721,19.4363,31.125,0.549,21.166,0.395,3595.338,4.858,3647.629,5.802
47,4,FLIGHT,car + plane,-71.4282,41.724,-103.3112,20.5218,31.125,0.549,30.333,0.621,3805.467,5.113,3866.925,6.283
47,5,FLIGHT,car + plane,-71.4282,41.724,-100.107,25.7785,31.125,0.549,23.088,0.421,3165.617,4.337,3219.83,5.307
47,6,FLIGHT,car + plane,-71.4282,41.724,-84.4277,33.6407,31.125,0.549,16.931,0.363,1452.027,2.26,1500.083,3.172
47,7,DRIVE,car,-71.539,41.922,-71.2643,42.0909,,,,,,,40.04,0.668
47,8,FLIGHT,car + plane,-71.4282,41.724,-97.0403,32.8998,31.125,0.549,22.881,0.43,2456.391,3.477,2510.397,4.456
47,9,FLIGHT,car + plane,-71.4282,41.724,-95.2789,29.6454,31.125,0.549,19.96,0.426,2525.301,3.561,2576.386,4.536
47,10,FLIGHT,car + plane,-71.4282,41.724,-94.7139,39.2976,31.125,0.549,49.67,0.685,1980.792,2.901,2061.587,4.135
47,11,FLIGHT,car + plane,-71.4282,41.724,-118.4081,33.9425,31.125,0.549,8.25,0.188,4162.512,5.545,4201.887,6.282
47,12,FLIGHT,car + plane,-71.4282,41.724,-80.1527,26.0726,31.125,0.549,21.728,0.384,1915.024,2.821,1967.877,3.754
47,13,FLIGHT,car + plane,-71.4282,41.724,-74.1745,40.6895,31.125,0.549,20.741,0.395,256.916,0.811,308.782,1.755
47,14,FLIGHT,car + plane,-71.4282,41.724,-75.2424,39.8744,31.125,0.549,9.543,0.203,381.226,0.962,421.894,1.714
47,15,FLIGHT,car + plane,-71.4282,41.724,-121.9289,37.3639,31.125,0.549,9.98,0.195,4295.194,5.706,4336.299,6.45
47,16,FLIGHT,car + plane,-71.4282,41.724,-122.3088,47.4502,31.125,0.549,22.563,0.395,4006.018,5.356,4059.706,6.3
48,1,DRIVE,car,-79.866,44.19,-79.4186,43.6332,,,,,,,90.338,1.454
48,2,FLIGHT,car + plane,-79.6248,43.6777,-123.1792,49.1947,92.7,1.444,13.873,0.378,3345.555,4.555,3452.128,6.377
48,3,FLIGHT,car + plane,-79.6248,43.6777,-99.0721,19.4363,92.7,1.444,21.166,0.395,3247.013,4.436,3360.879,6.275
48,4,FLIGHT,car + plane,-79.6248,43.6777,-103.3112,20.5218,92.7,1.444,30.333,0.621,3382.039,4.599,3505.072,6.664
48,5,FLIGHT,car + plane,-79.6248,43.6777,-100.107,25.7785,92.7,1.444,23.088,0.421,2717.122,3.793,2832.91,5.658
48,6,FLIGHT,car + plane,-79.6248,43.6777,-84.4277,33.6407,92.7,1.444,16.931,0.363,1190.872,1.943,1300.503,3.75
48,7,FLIGHT,car + plane,-79.6248,43.6777,-71.4282,41.724,92.7,1.444,51.699,0.912,703.797,1.353,848.196,3.709
48,8,FLIGHT,car + plane,-79.6248,43.6777,-97.0403,32.8998,92.7,1.444,22.881,0.43,1928.763,2.838,2044.344,4.712
48,9,FLIGHT,car + plane,-79.6248,43.6777,-95.2789,29.6454,92.7,1.444,19.96,0.426,2086.604,3.029,2199.264,4.899
48,10,FLIGHT,car + plane,-79.6248,43.6777,-94.7139,39.2976,92.7,1.444,49.67,0.685,1345.483,2.131,1487.853,4.26
48,11,FLIGHT,car + plane,-79.6248,43.6777,-118.4081,33.9425,92.7,1.444,8.25,0.188,3494.431,4.736,3595.381,6.368
48,12,FLIGHT,car + plane,-79.6248,43.6777,-80.1527,26.0726,92.7,1.444,21.728,0.384,1958.181,2.874,2072.609,4.702
48,13,FLIGHT,car + plane,-79.6248,43.6777,-74.1745,40.6895,92.7,1.444,20.741,0.395,558.435,1.177,671.876,3.016
48,14,FLIGHT,car + plane,-79.6248,43.6777,-75.2424,39.8744,92.7,1.444,9.543,0.203,557.425,1.176,659.668,2.823
48,15,FLIGHT,car + plane,-79.6248,43.6777,-121.9289,37.3639,92.7,1.444,9.98,0.195,3603.766,4.868,3706.446,6.507
48,16,FLIGHT,car + plane,-79.6248,43.6777,-122.3088,47.4502,92.7,1.444,22.563,0.395,3307.02,4.509,3422.283,6.348